{"duration": 0.0004248619079589844, "input_args": {"graph": "<networkx.classes.graph.Graph object at 0x134715cd0>"}, "time": 1732415562.174944}