{"duration": 0.000347137451171875, "input_args": {"graph": "<networkx.classes.graph.Graph object at 0x13456ecd0>"}, "time": 1732415563.7654521}