{"duration": 0.0003421306610107422, "input_args": {"graph": "<networkx.classes.graph.Graph object at 0x134819fd0>"}, "time": 1732415563.8350332}