{"duration": 0.0005817413330078125, "input_args": {"graph": "<networkx.classes.graph.Graph object at 0x134819e50>"}, "time": 1732415564.5351439}