{"duration": 0.00023698806762695312, "input_args": {"graph": "<networkx.classes.graph.Graph object at 0x134819b50>"}, "time": 1732415565.1058218}