{"duration": 0.001477956771850586, "input_args": {"graph": "<networkx.classes.graph.Graph object at 0x1208fecd0>"}, "time": 1732415572.291871}