{"duration": 0.0010998249053955078, "input_args": {"graph": "<networkx.classes.graph.Graph object at 0x134796dd0>"}, "time": 1732415563.9391391}