{"duration": 0.00023818016052246094, "input_args": {"graph": "<networkx.classes.graph.Graph object at 0x1348a1c50>"}, "time": 1732415565.1328452}