{"duration": 0.0003368854522705078, "input_args": {"graph": "<networkx.classes.graph.Graph object at 0x13481bb50>"}, "time": 1732415564.4810739}