{"duration": 0.0005121231079101562, "input_args": {"graph": "<networkx.classes.graph.Graph object at 0x134714150>"}, "time": 1732415562.184202}