{"duration": 0.0012409687042236328, "input_args": {"graph": "<networkx.classes.graph.Graph object at 0x134794ad0>"}, "time": 1732415563.400225}