{"duration": 0.00036597251892089844, "input_args": {"graph": "<networkx.classes.graph.Graph object at 0x134714bd0>"}, "time": 1732415561.81515}