{"duration": 0.0006310939788818359, "input_args": {"graph": "<networkx.classes.graph.Graph object at 0x134818cd0>"}, "time": 1732415564.8296452}