{"duration": 0.0003330707550048828, "input_args": {"graph": "<networkx.classes.graph.Graph object at 0x1347163d0>"}, "time": 1732415562.1733382}