{"duration": 0.0010988712310791016, "input_args": {"graph": "<networkx.classes.graph.Graph object at 0x11c5e8450>"}, "time": 1732415564.923805}