{"duration": 0.0002491474151611328, "input_args": {"graph": "<networkx.classes.graph.Graph object at 0x1344ffbd0>"}, "time": 1732415562.6274161}