{"duration": 0.0009338855743408203, "input_args": {"graph": "<networkx.classes.graph.Graph object at 0x13456e550>"}, "time": 1732415563.059371}