{"duration": 0.0007538795471191406, "input_args": {"graph": "<networkx.classes.graph.Graph object at 0x134715250>"}, "time": 1732415562.4277508}