{"duration": 0.0005528926849365234, "input_args": {"graph": "<networkx.classes.graph.Graph object at 0x134794550>"}, "time": 1732415563.051308}