{"duration": 0.0008380413055419922, "input_args": {"graph": "<networkx.classes.graph.Graph object at 0x134818750>"}, "time": 1732415563.859984}