{"duration": 0.0005450248718261719, "input_args": {"graph": "<networkx.classes.graph.Graph object at 0x134819850>"}, "time": 1732415563.861341}