{"duration": 0.0009839534759521484, "input_args": {"graph": "<networkx.classes.graph.Graph object at 0x1348a10d0>"}, "time": 1732415565.113834}