{"duration": 0.00027108192443847656, "input_args": {"graph": "<networkx.classes.graph.Graph object at 0x13456e8d0>"}, "time": 1732415561.442476}