{"duration": 0.0002129077911376953, "input_args": {"graph": "<networkx.classes.graph.Graph object at 0x134796cd0>"}, "time": 1732415563.2399411}