{"duration": 0.0012500286102294922, "input_args": {"graph": "<networkx.classes.graph.Graph object at 0x134795950>"}, "time": 1732415562.553271}