{"duration": 0.0012958049774169922, "input_args": {"graph": "<networkx.classes.graph.Graph object at 0x1348a08d0>"}, "time": 1732415564.704181}