{"duration": 0.0008876323699951172, "input_args": {"graph": "<networkx.classes.graph.Graph object at 0x1347150d0>"}, "time": 1732415561.6747258}