{"duration": 0.0006008148193359375, "input_args": {"graph": "<networkx.classes.graph.Graph object at 0x134796cd0>"}, "time": 1732415563.079772}