{"duration": 0.0002448558807373047, "input_args": {"graph": "<networkx.classes.graph.Graph object at 0x1348182d0>"}, "time": 1732415563.649917}