{"duration": 0.0011370182037353516, "input_args": {"graph": "<networkx.classes.graph.Graph object at 0x1348199d0>"}, "time": 1732415564.7173162}