{"duration": 0.0010759830474853516, "input_args": {"graph": "<networkx.classes.graph.Graph object at 0x13481bcd0>"}, "time": 1732415564.561735}