{"duration": 0.0008499622344970703, "input_args": {"graph": "<networkx.classes.graph.Graph object at 0x13456fd50>"}, "time": 1732415561.8949618}