{"duration": 0.0005257129669189453, "input_args": {"graph": "<networkx.classes.graph.Graph object at 0x1347163d0>"}, "time": 1732415562.554237}