{"duration": 0.0007379055023193359, "input_args": {"graph": "<networkx.classes.graph.Graph object at 0x1348a1dd0>"}, "time": 1732415565.026028}