{"duration": 0.0003120899200439453, "input_args": {"graph": "<networkx.classes.graph.Graph object at 0x134795450>"}, "time": 1732415564.384494}