{"duration": 0.000492095947265625, "input_args": {"graph": "<networkx.classes.graph.Graph object at 0x13456f950>"}, "time": 1732415561.700345}