{"duration": 0.0002319812774658203, "input_args": {"graph": "<networkx.classes.graph.Graph object at 0x13481a050>"}, "time": 1732415565.133954}