{"duration": 0.0002422332763671875, "input_args": {"graph": "<networkx.classes.graph.Graph object at 0x13456e150>"}, "time": 1732415562.595693}