{"duration": 0.00020599365234375, "input_args": {"graph": "<networkx.classes.graph.Graph object at 0x134794050>"}, "time": 1732415562.691572}