{"duration": 0.0005393028259277344, "input_args": {"graph": "<networkx.classes.graph.Graph object at 0x134716150>"}, "time": 1732415561.903042}