{"duration": 0.0009379386901855469, "input_args": {"graph": "<networkx.classes.graph.Graph object at 0x134716b50>"}, "time": 1732415563.541815}