{"duration": 0.00020360946655273438, "input_args": {"graph": "<networkx.classes.graph.Graph object at 0x1347976d0>"}, "time": 1732415563.4935198}