{"duration": 0.00019311904907226562, "input_args": {"graph": "<networkx.classes.graph.Graph object at 0x13450d750>"}, "time": 1732415561.365984}