{"duration": 0.0005590915679931641, "input_args": {"graph": "<networkx.classes.graph.Graph object at 0x134818c50>"}, "time": 1732415563.556845}