{"duration": 0.0007700920104980469, "input_args": {"graph": "<networkx.classes.graph.Graph object at 0x13456ec50>"}, "time": 1732415561.742549}