{"duration": 0.0003037452697753906, "input_args": {"graph": "<networkx.classes.graph.Graph object at 0x13481b650>"}, "time": 1732415564.329023}