{"duration": 0.00019288063049316406, "input_args": {"graph": "<networkx.classes.graph.Graph object at 0x134715250>"}, "time": 1732415562.061271}