{"duration": 0.00024819374084472656, "input_args": {"graph": "<networkx.classes.graph.Graph object at 0x134715bd0>"}, "time": 1732415561.8145652}