{"duration": 0.0012159347534179688, "input_args": {"graph": "<networkx.classes.graph.Graph object at 0x13481a550>"}, "time": 1732415564.032022}