{"duration": 0.0013270378112792969, "input_args": {"graph": "<networkx.classes.graph.Graph object at 0x134795f50>"}, "time": 1732415565.079168}