{"duration": 0.0007369518280029297, "input_args": {"graph": "<networkx.classes.graph.Graph object at 0x1208fccd0>"}, "time": 1732415572.29684}