{"duration": 0.0006871223449707031, "input_args": {"graph": "<networkx.classes.graph.Graph object at 0x13456fb50>"}, "time": 1732415561.66719}