{"duration": 0.0002548694610595703, "input_args": {"graph": "<networkx.classes.graph.Graph object at 0x13481b350>"}, "time": 1732415564.8892548}