{"duration": 0.00042510032653808594, "input_args": {"graph": "<networkx.classes.graph.Graph object at 0x134796f50>"}, "time": 1732415562.981218}