{"duration": 0.0005898475646972656, "input_args": {"graph": "<networkx.classes.graph.Graph object at 0x13481a5d0>"}, "time": 1732415564.825446}