{"duration": 0.0005109310150146484, "input_args": {"graph": "<networkx.classes.graph.Graph object at 0x13481ae50>"}, "time": 1732415564.251074}