{"duration": 0.0004999637603759766, "input_args": {"graph": "<networkx.classes.graph.Graph object at 0x134795f50>"}, "time": 1732415563.947346}