{"duration": 0.0007522106170654297, "input_args": {"graph": "<networkx.classes.graph.Graph object at 0x134795a50>"}, "time": 1732415562.960622}