{"duration": 0.00039887428283691406, "input_args": {"graph": "<networkx.classes.graph.Graph object at 0x134795a50>"}, "time": 1732415562.762869}