{"duration": 0.0002491474151611328, "input_args": {"graph": "<networkx.classes.graph.Graph object at 0x1347953d0>"}, "time": 1732415563.433121}