{"duration": 0.0005109310150146484, "input_args": {"graph": "<networkx.classes.graph.Graph object at 0x134796fd0>"}, "time": 1732415563.318204}