{"duration": 0.0013802051544189453, "input_args": {"graph": "<networkx.classes.graph.Graph object at 0x134819650>"}, "time": 1732415563.9568481}