{"duration": 0.0005221366882324219, "input_args": {"graph": "<networkx.classes.graph.Graph object at 0x13456f050>"}, "time": 1732415561.914751}