{"duration": 0.00023865699768066406, "input_args": {"graph": "<networkx.classes.graph.Graph object at 0x1347174d0>"}, "time": 1732415562.4707289}