{"duration": 0.0002257823944091797, "input_args": {"graph": "<networkx.classes.graph.Graph object at 0x1347168d0>"}, "time": 1732415563.291004}