{"duration": 0.0005929470062255859, "input_args": {"graph": "<networkx.classes.graph.Graph object at 0x13481bcd0>"}, "time": 1732415564.656252}