{"duration": 0.0013308525085449219, "input_args": {"graph": "<networkx.classes.graph.Graph object at 0x1348a07d0>"}, "time": 1732415564.6580548}