{"duration": 0.0002281665802001953, "input_args": {"graph": "<networkx.classes.graph.Graph object at 0x13456fa50>"}, "time": 1732415561.768843}