{"duration": 0.0006940364837646484, "input_args": {"graph": "<networkx.classes.graph.Graph object at 0x1348a0ed0>"}, "time": 1732415564.68099}