{"duration": 0.0004220008850097656, "input_args": {"graph": "<networkx.classes.graph.Graph object at 0x13456e4d0>"}, "time": 1732415561.527665}