{"duration": 0.0005028247833251953, "input_args": {"graph": "<networkx.classes.graph.Graph object at 0x134797f50>"}, "time": 1732415563.384471}