{"duration": 0.0002880096435546875, "input_args": {"graph": "<networkx.classes.graph.Graph object at 0x134797ed0>"}, "time": 1732415564.8534331}