{"duration": 0.0002238750457763672, "input_args": {"graph": "<networkx.classes.graph.Graph object at 0x13456dd50>"}, "time": 1732415564.2955189}