{"duration": 0.0004260540008544922, "input_args": {"graph": "<networkx.classes.graph.Graph object at 0x1347979d0>"}, "time": 1732415563.267814}