{"duration": 0.0002167224884033203, "input_args": {"graph": "<networkx.classes.graph.Graph object at 0x13456c9d0>"}, "time": 1732415562.8123899}