{"duration": 0.0005388259887695312, "input_args": {"graph": "<networkx.classes.graph.Graph object at 0x134795cd0>"}, "time": 1732415562.8325608}