{"duration": 0.0002760887145996094, "input_args": {"graph": "<networkx.classes.graph.Graph object at 0x13481b450>"}, "time": 1732415565.107285}