{"duration": 0.0007231235504150391, "input_args": {"graph": "<networkx.classes.graph.Graph object at 0x134819cd0>"}, "time": 1732415563.70251}