{"duration": 0.0006017684936523438, "input_args": {"graph": "<networkx.classes.graph.Graph object at 0x134797d50>"}, "time": 1732415564.1894138}