{"duration": 0.00021791458129882812, "input_args": {"graph": "<networkx.classes.graph.Graph object at 0x134714dd0>"}, "time": 1732415562.5291169}