{"duration": 0.0003230571746826172, "input_args": {"graph": "<networkx.classes.graph.Graph object at 0x13456dad0>"}, "time": 1732415561.8059762}