{"duration": 0.0007522106170654297, "input_args": {"graph": "<networkx.classes.graph.Graph object at 0x13456c650>"}, "time": 1732415563.425249}