{"duration": 0.0005228519439697266, "input_args": {"graph": "<networkx.classes.graph.Graph object at 0x134794350>"}, "time": 1732415562.998071}