{"duration": 0.0002307891845703125, "input_args": {"graph": "<networkx.classes.graph.Graph object at 0x13481a250>"}, "time": 1732415564.118494}