{"duration": 0.0005297660827636719, "input_args": {"graph": "<networkx.classes.graph.Graph object at 0x134716650>"}, "time": 1732415562.348833}