{"duration": 0.0002307891845703125, "input_args": {"graph": "<networkx.classes.graph.Graph object at 0x134797ad0>"}, "time": 1732415563.7827609}