{"duration": 0.00019407272338867188, "input_args": {"graph": "<networkx.classes.graph.Graph object at 0x13481bbd0>"}, "time": 1732415565.200342}