{"duration": 0.0010371208190917969, "input_args": {"graph": "<networkx.classes.graph.Graph object at 0x13481ad50>"}, "time": 1732415564.846549}