{"duration": 0.00026106834411621094, "input_args": {"graph": "<networkx.classes.graph.Graph object at 0x134716150>"}, "time": 1732415562.177679}