{"duration": 0.0008230209350585938, "input_args": {"graph": "<networkx.classes.graph.Graph object at 0x134818150>"}, "time": 1732415564.084013}