{"duration": 0.0005059242248535156, "input_args": {"graph": "<networkx.classes.graph.Graph object at 0x13481a050>"}, "time": 1732415564.000927}