{"duration": 0.0008420944213867188, "input_args": {"graph": "<networkx.classes.graph.Graph object at 0x13481ad50>"}, "time": 1732415564.020308}