{"duration": 0.0021119117736816406, "input_args": {"graph": "<networkx.classes.graph.Graph object at 0x134819fd0>"}, "time": 1732415565.0384908}