{"duration": 0.0002739429473876953, "input_args": {"graph": "<networkx.classes.graph.Graph object at 0x134794d50>"}, "time": 1732415563.026859}