{"duration": 0.0010330677032470703, "input_args": {"graph": "<networkx.classes.graph.Graph object at 0x134796c50>"}, "time": 1732415563.082002}