{"duration": 0.00018477439880371094, "input_args": {"graph": "<networkx.classes.graph.Graph object at 0x134797750>"}, "time": 1732415564.28401}