{"duration": 0.0004267692565917969, "input_args": {"graph": "<networkx.classes.graph.Graph object at 0x1208ff9d0>"}, "time": 1732415572.63605}