{"duration": 0.00025391578674316406, "input_args": {"graph": "<networkx.classes.graph.Graph object at 0x134797c50>"}, "time": 1732415563.986084}