{"duration": 0.0006778240203857422, "input_args": {"graph": "<networkx.classes.graph.Graph object at 0x134796650>"}, "time": 1732415562.9258199}