{"duration": 0.00048804283142089844, "input_args": {"graph": "<networkx.classes.graph.Graph object at 0x134715d50>"}, "time": 1732415561.886843}