{"duration": 0.0010139942169189453, "input_args": {"graph": "<networkx.classes.graph.Graph object at 0x13481a6d0>"}, "time": 1732415563.9257889}