{"duration": 0.0008289813995361328, "input_args": {"graph": "<networkx.classes.graph.Graph object at 0x134714dd0>"}, "time": 1732415562.8302999}