{"duration": 0.00018596649169921875, "input_args": {"graph": "<networkx.classes.graph.Graph object at 0x134797350>"}, "time": 1732415564.3155782}