{"duration": 0.0005469322204589844, "input_args": {"graph": "<networkx.classes.graph.Graph object at 0x134818950>"}, "time": 1732415563.844537}