{"duration": 0.0004401206970214844, "input_args": {"graph": "<networkx.classes.graph.Graph object at 0x13456fd50>"}, "time": 1732415561.88314}