{"duration": 0.00020599365234375, "input_args": {"graph": "<networkx.classes.graph.Graph object at 0x13456efd0>"}, "time": 1732415561.762382}