{"duration": 0.0007588863372802734, "input_args": {"graph": "<networkx.classes.graph.Graph object at 0x134796150>"}, "time": 1732415562.835994}