{"duration": 0.0005600452423095703, "input_args": {"graph": "<networkx.classes.graph.Graph object at 0x1347160d0>"}, "time": 1732415562.60857}