{"duration": 0.00022792816162109375, "input_args": {"graph": "<networkx.classes.graph.Graph object at 0x13456c8d0>"}, "time": 1732415563.039878}