{"duration": 0.0015208721160888672, "input_args": {"graph": "<networkx.classes.graph.Graph object at 0x1348a2250>"}, "time": 1732415565.0993228}