{"duration": 0.0002288818359375, "input_args": {"graph": "<networkx.classes.graph.Graph object at 0x13456edd0>"}, "time": 1732415561.931678}