{"duration": 0.0004940032958984375, "input_args": {"graph": "<networkx.classes.graph.Graph object at 0x134717c50>"}, "time": 1732415562.437846}