{"duration": 0.00061798095703125, "input_args": {"graph": "<networkx.classes.graph.Graph object at 0x1348a00d0>"}, "time": 1732415564.4759328}