{"duration": 0.0012631416320800781, "input_args": {"graph": "<networkx.classes.graph.Graph object at 0x134716d50>"}, "time": 1732415562.168129}