{"duration": 0.0008029937744140625, "input_args": {"graph": "<networkx.classes.graph.Graph object at 0x134794cd0>"}, "time": 1732415562.404371}