{"duration": 0.0004858970642089844, "input_args": {"graph": "<networkx.classes.graph.Graph object at 0x134717ad0>"}, "time": 1732415562.2452018}