{"duration": 0.0002579689025878906, "input_args": {"graph": "<networkx.classes.graph.Graph object at 0x1348a0ad0>"}, "time": 1732415565.103001}