{"duration": 0.0005719661712646484, "input_args": {"graph": "<networkx.classes.graph.Graph object at 0x13456cd50>"}, "time": 1732415562.881415}