{"duration": 0.0006971359252929688, "input_args": {"graph": "<networkx.classes.graph.Graph object at 0x134794550>"}, "time": 1732415563.52753}