{"duration": 0.0005102157592773438, "input_args": {"graph": "<networkx.classes.graph.Graph object at 0x1347942d0>"}, "time": 1732415562.8393972}