{"duration": 0.00025582313537597656, "input_args": {"graph": "<networkx.classes.graph.Graph object at 0x134794ad0>"}, "time": 1732415563.9838998}