{"duration": 0.0013000965118408203, "input_args": {"graph": "<networkx.classes.graph.Graph object at 0x1255a4450>"}, "time": 1732415594.005575}