{"duration": 0.0005109310150146484, "input_args": {"graph": "<networkx.classes.graph.Graph object at 0x13456e550>"}, "time": 1732415562.595571}