{"duration": 0.0002110004425048828, "input_args": {"graph": "<networkx.classes.graph.Graph object at 0x13456eed0>"}, "time": 1732415561.406822}