{"duration": 0.000286102294921875, "input_args": {"graph": "<networkx.classes.graph.Graph object at 0x134716a50>"}, "time": 1732415562.757246}