{"duration": 0.0008001327514648438, "input_args": {"graph": "<networkx.classes.graph.Graph object at 0x13481a550>"}, "time": 1732415563.942728}