{"duration": 0.0007479190826416016, "input_args": {"graph": "<networkx.classes.graph.Graph object at 0x134795050>"}, "time": 1732415563.3704388}