{"duration": 0.0014142990112304688, "input_args": {"graph": "<networkx.classes.graph.Graph object at 0x134797ad0>"}, "time": 1732415563.1809652}