{"duration": 0.0005576610565185547, "input_args": {"graph": "<networkx.classes.graph.Graph object at 0x1344ff7d0>"}, "time": 1732415561.643357}