{"duration": 0.0001838207244873047, "input_args": {"graph": "<networkx.classes.graph.Graph object at 0x134714ad0>"}, "time": 1732415561.5714939}