{"duration": 0.00024700164794921875, "input_args": {"graph": "<networkx.classes.graph.Graph object at 0x13456c650>"}, "time": 1732415562.699716}