{"duration": 0.00022411346435546875, "input_args": {"graph": "<networkx.classes.graph.Graph object at 0x1347149d0>"}, "time": 1732415562.083483}