{"duration": 0.0002999305725097656, "input_args": {"graph": "<networkx.classes.graph.Graph object at 0x134795bd0>"}, "time": 1732415564.5869539}