{"duration": 0.0005125999450683594, "input_args": {"graph": "<networkx.classes.graph.Graph object at 0x134795f50>"}, "time": 1732415563.321383}