{"duration": 0.0007586479187011719, "input_args": {"graph": "<networkx.classes.graph.Graph object at 0x13456f7d0>"}, "time": 1732415561.6084638}