{"duration": 0.0009148120880126953, "input_args": {"graph": "<networkx.classes.graph.Graph object at 0x1348a04d0>"}, "time": 1732415564.684279}