{"duration": 0.00021386146545410156, "input_args": {"graph": "<networkx.classes.graph.Graph object at 0x1347154d0>"}, "time": 1732415561.656718}