{"duration": 0.0003647804260253906, "input_args": {"graph": "<networkx.classes.graph.Graph object at 0x134819650>"}, "time": 1732415564.887014}