{"duration": 0.0002002716064453125, "input_args": {"graph": "<networkx.classes.graph.Graph object at 0x13448f250>"}, "time": 1732415565.185358}