{"duration": 0.0006520748138427734, "input_args": {"graph": "<networkx.classes.graph.Graph object at 0x1255a5150>"}, "time": 1732415594.0073721}