{"duration": 0.0002989768981933594, "input_args": {"graph": "<networkx.classes.graph.Graph object at 0x1344ffd50>"}, "time": 1732415561.4565718}