{"duration": 0.0005953311920166016, "input_args": {"graph": "<networkx.classes.graph.Graph object at 0x134796ad0>"}, "time": 1732415562.992859}