{"duration": 0.00029730796813964844, "input_args": {"graph": "<networkx.classes.graph.Graph object at 0x13456dd50>"}, "time": 1732415563.3648262}