{"duration": 0.00024509429931640625, "input_args": {"graph": "<networkx.classes.graph.Graph object at 0x13456f750>"}, "time": 1732415562.536375}