{"duration": 0.0004317760467529297, "input_args": {"graph": "<networkx.classes.graph.Graph object at 0x134796e50>"}, "time": 1732415563.007603}