{"duration": 0.0004169940948486328, "input_args": {"graph": "<networkx.classes.graph.Graph object at 0x1347144d0>"}, "time": 1732415561.5351439}