{"duration": 0.00021314620971679688, "input_args": {"graph": "<networkx.classes.graph.Graph object at 0x134714050>"}, "time": 1732415562.968943}