{"duration": 0.0008890628814697266, "input_args": {"graph": "<networkx.classes.graph.Graph object at 0x1348197d0>"}, "time": 1732415563.949027}