{"duration": 0.0007810592651367188, "input_args": {"graph": "<networkx.classes.graph.Graph object at 0x1347150d0>"}, "time": 1732415561.838882}