{"duration": 0.0002720355987548828, "input_args": {"graph": "<networkx.classes.graph.Graph object at 0x134794950>"}, "time": 1732415563.628324}