{"duration": 0.00028228759765625, "input_args": {"graph": "<networkx.classes.graph.Graph object at 0x134795bd0>"}, "time": 1732415564.6539662}