{"duration": 0.0004951953887939453, "input_args": {"graph": "<networkx.classes.graph.Graph object at 0x134717850>"}, "time": 1732415562.17632}