{"duration": 0.00024509429931640625, "input_args": {"graph": "<networkx.classes.graph.Graph object at 0x1347165d0>"}, "time": 1732415562.1159291}