{"duration": 0.000225067138671875, "input_args": {"graph": "<networkx.classes.graph.Graph object at 0x134716fd0>"}, "time": 1732415562.155755}