{"duration": 0.0006620883941650391, "input_args": {"graph": "<networkx.classes.graph.Graph object at 0x134819c50>"}, "time": 1732415563.795192}