{"duration": 0.0005488395690917969, "input_args": {"graph": "<networkx.classes.graph.Graph object at 0x134796550>"}, "time": 1732415563.223026}