{"duration": 0.0007989406585693359, "input_args": {"graph": "<networkx.classes.graph.Graph object at 0x1347140d0>"}, "time": 1732415562.789183}