{"duration": 0.0002849102020263672, "input_args": {"graph": "<networkx.classes.graph.Graph object at 0x1347140d0>"}, "time": 1732415562.732416}