{"duration": 0.0006661415100097656, "input_args": {"graph": "<networkx.classes.graph.Graph object at 0x134819150>"}, "time": 1732415563.582892}