{"duration": 0.0002689361572265625, "input_args": {"graph": "<networkx.classes.graph.Graph object at 0x1348193d0>"}, "time": 1732415564.440654}