{"duration": 0.00021123886108398438, "input_args": {"graph": "<networkx.classes.graph.Graph object at 0x134819cd0>"}, "time": 1732415564.3073542}