{"duration": 0.00022101402282714844, "input_args": {"graph": "<networkx.classes.graph.Graph object at 0x13456fe50>"}, "time": 1732415561.798295}