{"duration": 0.0006301403045654297, "input_args": {"graph": "<networkx.classes.graph.Graph object at 0x134818d50>"}, "time": 1732415564.071386}