{"duration": 0.0001919269561767578, "input_args": {"graph": "<networkx.classes.graph.Graph object at 0x134717050>"}, "time": 1732415565.196703}