{"duration": 0.0002281665802001953, "input_args": {"graph": "<networkx.classes.graph.Graph object at 0x134796850>"}, "time": 1732415562.960716}