{"duration": 0.000579833984375, "input_args": {"graph": "<networkx.classes.graph.Graph object at 0x134818fd0>"}, "time": 1732415564.1341188}