{"duration": 0.0003409385681152344, "input_args": {"graph": "<networkx.classes.graph.Graph object at 0x134794ed0>"}, "time": 1732415562.695107}