{"duration": 0.0006792545318603516, "input_args": {"graph": "<networkx.classes.graph.Graph object at 0x134794550>"}, "time": 1732415563.294084}