{"duration": 0.0003540515899658203, "input_args": {"graph": "<networkx.classes.graph.Graph object at 0x13456d650>"}, "time": 1732415565.196138}