{"duration": 0.0007121562957763672, "input_args": {"graph": "<networkx.classes.graph.Graph object at 0x134717750>"}, "time": 1732415562.482351}