{"duration": 0.0010900497436523438, "input_args": {"graph": "<networkx.classes.graph.Graph object at 0x13456c650>"}, "time": 1732415562.901036}