{"duration": 0.0008220672607421875, "input_args": {"graph": "<networkx.classes.graph.Graph object at 0x134819ad0>"}, "time": 1732415563.8981152}