{"duration": 0.00022792816162109375, "input_args": {"graph": "<networkx.classes.graph.Graph object at 0x134819bd0>"}, "time": 1732415564.236008}