{"duration": 0.0005280971527099609, "input_args": {"graph": "<networkx.classes.graph.Graph object at 0x13481a1d0>"}, "time": 1732415564.1903732}