{"duration": 0.0015480518341064453, "input_args": {"graph": "<networkx.classes.graph.Graph object at 0x13481a150>"}, "time": 1732415564.388226}