{"duration": 0.00023794174194335938, "input_args": {"graph": "<networkx.classes.graph.Graph object at 0x134797450>"}, "time": 1732415563.243097}