{"duration": 0.0004558563232421875, "input_args": {"graph": "<networkx.classes.graph.Graph object at 0x1347170d0>"}, "time": 1732415562.005427}