{"duration": 0.0005402565002441406, "input_args": {"graph": "<networkx.classes.graph.Graph object at 0x134715250>"}, "time": 1732415562.1696699}