{"duration": 0.0007638931274414062, "input_args": {"graph": "<networkx.classes.graph.Graph object at 0x134717650>"}, "time": 1732415562.122716}