{"duration": 0.0004780292510986328, "input_args": {"graph": "<networkx.classes.graph.Graph object at 0x134714d50>"}, "time": 1732415562.4099462}