{"duration": 0.00022482872009277344, "input_args": {"graph": "<networkx.classes.graph.Graph object at 0x13456ec50>"}, "time": 1732415562.090873}