{"duration": 0.0016450881958007812, "input_args": {"graph": "<networkx.classes.graph.Graph object at 0x1347963d0>"}, "time": 1732415564.638071}