{"duration": 0.0006330013275146484, "input_args": {"graph": "<networkx.classes.graph.Graph object at 0x13481ae50>"}, "time": 1732415564.080835}