{"duration": 0.0009868144989013672, "input_args": {"graph": "<networkx.classes.graph.Graph object at 0x13456f2d0>"}, "time": 1732415561.9683998}