{"duration": 0.0006737709045410156, "input_args": {"graph": "<networkx.classes.graph.Graph object at 0x1347143d0>"}, "time": 1732415561.8579588}