{"duration": 0.0006270408630371094, "input_args": {"graph": "<networkx.classes.graph.Graph object at 0x1209995d0>"}, "time": 1732415571.1849349}