{"duration": 0.0002319812774658203, "input_args": {"graph": "<networkx.classes.graph.Graph object at 0x1347157d0>"}, "time": 1732415561.853184}