{"duration": 0.0007100105285644531, "input_args": {"graph": "<networkx.classes.graph.Graph object at 0x13456f950>"}, "time": 1732415561.501906}