{"duration": 0.0001742839813232422, "input_args": {"graph": "<networkx.classes.graph.Graph object at 0x134796050>"}, "time": 1732415564.3088582}