{"duration": 0.00074005126953125, "input_args": {"graph": "<networkx.classes.graph.Graph object at 0x134714950>"}, "time": 1732415561.677721}