{"duration": 0.0002028942108154297, "input_args": {"graph": "<networkx.classes.graph.Graph object at 0x1347966d0>"}, "time": 1732415563.499661}