{"duration": 0.0002422332763671875, "input_args": {"graph": "<networkx.classes.graph.Graph object at 0x13481ae50>"}, "time": 1732415564.751373}