{"duration": 0.000514984130859375, "input_args": {"graph": "<networkx.classes.graph.Graph object at 0x120a9c950>"}, "time": 1732415572.303798}