{"duration": 0.0012087821960449219, "input_args": {"graph": "<networkx.classes.graph.Graph object at 0x134716150>"}, "time": 1732415561.9427059}