{"duration": 0.0004980564117431641, "input_args": {"graph": "<networkx.classes.graph.Graph object at 0x13481a650>"}, "time": 1732415564.218438}