{"duration": 0.00020503997802734375, "input_args": {"graph": "<networkx.classes.graph.Graph object at 0x13456ef50>"}, "time": 1732415561.526987}