{"duration": 0.0002281665802001953, "input_args": {"graph": "<networkx.classes.graph.Graph object at 0x13481a350>"}, "time": 1732415564.4997382}