{"duration": 0.00022983551025390625, "input_args": {"graph": "<networkx.classes.graph.Graph object at 0x134819ed0>"}, "time": 1732415564.192967}