{"duration": 0.0002238750457763672, "input_args": {"graph": "<networkx.classes.graph.Graph object at 0x1347944d0>"}, "time": 1732415563.627208}