{"duration": 0.0005271434783935547, "input_args": {"graph": "<networkx.classes.graph.Graph object at 0x1348a11d0>"}, "time": 1732415564.737386}