{"duration": 0.0005974769592285156, "input_args": {"graph": "<networkx.classes.graph.Graph object at 0x134818fd0>"}, "time": 1732415564.199014}