{"duration": 0.0001838207244873047, "input_args": {"graph": "<networkx.classes.graph.Graph object at 0x13456ddd0>"}, "time": 1732415562.0607219}