{"duration": 0.0002696514129638672, "input_args": {"graph": "<networkx.classes.graph.Graph object at 0x134818550>"}, "time": 1732415565.15237}