{"duration": 0.00021409988403320312, "input_args": {"graph": "<networkx.classes.graph.Graph object at 0x1347971d0>"}, "time": 1732415563.26058}