{"duration": 0.0006539821624755859, "input_args": {"graph": "<networkx.classes.graph.Graph object at 0x134796c50>"}, "time": 1732415562.982626}