{"duration": 0.0002701282501220703, "input_args": {"graph": "<networkx.classes.graph.Graph object at 0x1348194d0>"}, "time": 1732415564.302818}