{"duration": 0.0008099079132080078, "input_args": {"graph": "<networkx.classes.graph.Graph object at 0x13456e6d0>"}, "time": 1732415562.869358}