{"duration": 0.0002110004425048828, "input_args": {"graph": "<networkx.classes.graph.Graph object at 0x13456e150>"}, "time": 1732415563.4551702}