{"duration": 0.0010750293731689453, "input_args": {"graph": "<networkx.classes.graph.Graph object at 0x134794350>"}, "time": 1732415563.114532}