{"duration": 0.0005791187286376953, "input_args": {"graph": "<networkx.classes.graph.Graph object at 0x134797ed0>"}, "time": 1732415563.690071}