{"duration": 0.0007302761077880859, "input_args": {"graph": "<networkx.classes.graph.Graph object at 0x1348a0750>"}, "time": 1732415564.5662022}