{"duration": 0.00018525123596191406, "input_args": {"graph": "<networkx.classes.graph.Graph object at 0x13456d450>"}, "time": 1732415561.5615842}