{"duration": 0.0005559921264648438, "input_args": {"graph": "<networkx.classes.graph.Graph object at 0x134819bd0>"}, "time": 1732415563.778711}