{"duration": 0.000949859619140625, "input_args": {"graph": "<networkx.classes.graph.Graph object at 0x1348a0a50>"}, "time": 1732415564.4913652}