{"duration": 0.0007722377777099609, "input_args": {"graph": "<networkx.classes.graph.Graph object at 0x1347141d0>"}, "time": 1732415562.111066}