{"duration": 0.0005328655242919922, "input_args": {"graph": "<networkx.classes.graph.Graph object at 0x134818dd0>"}, "time": 1732415563.919416}