{"duration": 0.0004930496215820312, "input_args": {"graph": "<networkx.classes.graph.Graph object at 0x13456dad0>"}, "time": 1732415562.29341}