{"duration": 0.0005021095275878906, "input_args": {"graph": "<networkx.classes.graph.Graph object at 0x13481acd0>"}, "time": 1732415564.2597692}