{"duration": 0.0002639293670654297, "input_args": {"graph": "<networkx.classes.graph.Graph object at 0x134714950>"}, "time": 1732415563.60415}