{"duration": 0.00021409988403320312, "input_args": {"graph": "<networkx.classes.graph.Graph object at 0x13456e750>"}, "time": 1732415561.686551}