{"duration": 0.0010907649993896484, "input_args": {"graph": "<networkx.classes.graph.Graph object at 0x13481a150>"}, "time": 1732415564.3368168}