{"duration": 0.0015132427215576172, "input_args": {"graph": "<networkx.classes.graph.Graph object at 0x13481bbd0>"}, "time": 1732415564.9740522}