{"duration": 0.0007531642913818359, "input_args": {"graph": "<networkx.classes.graph.Graph object at 0x12099a6d0>"}, "time": 1732415571.601294}