{"duration": 0.00023293495178222656, "input_args": {"graph": "<networkx.classes.graph.Graph object at 0x13456f350>"}, "time": 1732415561.485534}