{"duration": 0.0007739067077636719, "input_args": {"graph": "<networkx.classes.graph.Graph object at 0x134819c50>"}, "time": 1732415564.3729548}