{"duration": 0.000990152359008789, "input_args": {"graph": "<networkx.classes.graph.Graph object at 0x134795bd0>"}, "time": 1732415562.7784698}