{"duration": 0.0007691383361816406, "input_args": {"graph": "<networkx.classes.graph.Graph object at 0x134796350>"}, "time": 1732415563.053247}