{"duration": 0.0007169246673583984, "input_args": {"graph": "<networkx.classes.graph.Graph object at 0x13456ecd0>"}, "time": 1732415563.041783}