{"duration": 0.0005927085876464844, "input_args": {"graph": "<networkx.classes.graph.Graph object at 0x134794dd0>"}, "time": 1732415563.610602}