{"duration": 0.0011250972747802734, "input_args": {"graph": "<networkx.classes.graph.Graph object at 0x13456dbd0>"}, "time": 1732415563.039757}