{"duration": 0.0013592243194580078, "input_args": {"graph": "<networkx.classes.graph.Graph object at 0x134797550>"}, "time": 1732415563.016961}