{"duration": 0.0005979537963867188, "input_args": {"graph": "<networkx.classes.graph.Graph object at 0x134796c50>"}, "time": 1732415563.579492}