{"duration": 0.0004520416259765625, "input_args": {"graph": "<networkx.classes.graph.Graph object at 0x1347168d0>"}, "time": 1732415562.600776}