{"duration": 0.00022459030151367188, "input_args": {"graph": "<networkx.classes.graph.Graph object at 0x134797550>"}, "time": 1732415563.8277278}