{"duration": 0.0009119510650634766, "input_args": {"graph": "<networkx.classes.graph.Graph object at 0x13481a250>"}, "time": 1732415563.970591}