{"duration": 0.0005819797515869141, "input_args": {"graph": "<networkx.classes.graph.Graph object at 0x1347970d0>"}, "time": 1732415562.983876}