{"duration": 0.00150299072265625, "input_args": {"graph": "<networkx.classes.graph.Graph object at 0x134794d50>"}, "time": 1732415562.338177}