{"duration": 0.0012478828430175781, "input_args": {"graph": "<networkx.classes.graph.Graph object at 0x134797cd0>"}, "time": 1732415564.265515}