{"duration": 0.0007398128509521484, "input_args": {"graph": "<networkx.classes.graph.Graph object at 0x134794fd0>"}, "time": 1732415562.5473878}