{"duration": 0.00044536590576171875, "input_args": {"graph": "<networkx.classes.graph.Graph object at 0x134714ad0>"}, "time": 1732415561.8552792}