{"duration": 0.00032210350036621094, "input_args": {"graph": "<networkx.classes.graph.Graph object at 0x1347963d0>"}, "time": 1732415563.105442}