{"duration": 0.000225067138671875, "input_args": {"graph": "<networkx.classes.graph.Graph object at 0x1347142d0>"}, "time": 1732415561.553482}