{"duration": 0.0008301734924316406, "input_args": {"graph": "<networkx.classes.graph.Graph object at 0x13481b2d0>"}, "time": 1732415564.2151291}