{"duration": 0.00023674964904785156, "input_args": {"graph": "<networkx.classes.graph.Graph object at 0x134796f50>"}, "time": 1732415563.0501719}