{"duration": 0.00023508071899414062, "input_args": {"graph": "<networkx.classes.graph.Graph object at 0x134714050>"}, "time": 1732415562.774581}