{"duration": 0.0005609989166259766, "input_args": {"graph": "<networkx.classes.graph.Graph object at 0x134716450>"}, "time": 1732415561.848453}