{"duration": 0.00027489662170410156, "input_args": {"graph": "<networkx.classes.graph.Graph object at 0x13456e5d0>"}, "time": 1732415561.591038}