{"duration": 0.000453948974609375, "input_args": {"graph": "<networkx.classes.graph.Graph object at 0x134715e50>"}, "time": 1732415562.007885}