{"duration": 0.001027822494506836, "input_args": {"graph": "<networkx.classes.graph.Graph object at 0x1347964d0>"}, "time": 1732415562.964465}