{"duration": 0.00021910667419433594, "input_args": {"graph": "<networkx.classes.graph.Graph object at 0x13456fb50>"}, "time": 1732415562.084598}