{"duration": 0.0002219676971435547, "input_args": {"graph": "<networkx.classes.graph.Graph object at 0x13456f950>"}, "time": 1732415561.9492009}