{"duration": 0.0006740093231201172, "input_args": {"graph": "<networkx.classes.graph.Graph object at 0x13456d550>"}, "time": 1732415562.108182}