{"duration": 0.0002677440643310547, "input_args": {"graph": "<networkx.classes.graph.Graph object at 0x134818550>"}, "time": 1732415564.9128919}