{"duration": 0.0002911090850830078, "input_args": {"graph": "<networkx.classes.graph.Graph object at 0x1348a23d0>"}, "time": 1732415565.0030458}