{"duration": 0.0007786750793457031, "input_args": {"graph": "<networkx.classes.graph.Graph object at 0x134714150>"}, "time": 1732415562.5998669}