{"duration": 0.00021028518676757812, "input_args": {"graph": "<networkx.classes.graph.Graph object at 0x134716850>"}, "time": 1732415562.667107}