{"duration": 0.001008749008178711, "input_args": {"graph": "<networkx.classes.graph.Graph object at 0x134797b50>"}, "time": 1732415563.2366521}