{"duration": 0.0006389617919921875, "input_args": {"graph": "<networkx.classes.graph.Graph object at 0x134714350>"}, "time": 1732415561.708957}