{"duration": 0.0005049705505371094, "input_args": {"graph": "<networkx.classes.graph.Graph object at 0x1348a1f50>"}, "time": 1732415565.102915}