{"duration": 0.000782012939453125, "input_args": {"graph": "<networkx.classes.graph.Graph object at 0x134716ad0>"}, "time": 1732415562.557493}