{"duration": 0.0009129047393798828, "input_args": {"graph": "<networkx.classes.graph.Graph object at 0x13456ded0>"}, "time": 1732415561.787541}