{"duration": 0.00024318695068359375, "input_args": {"graph": "<networkx.classes.graph.Graph object at 0x1347951d0>"}, "time": 1732415562.836121}