{"duration": 0.00023889541625976562, "input_args": {"graph": "<networkx.classes.graph.Graph object at 0x134714950>"}, "time": 1732415562.329129}