{"duration": 0.00022673606872558594, "input_args": {"graph": "<networkx.classes.graph.Graph object at 0x13456e550>"}, "time": 1732415562.9452019}