{"duration": 0.0007991790771484375, "input_args": {"graph": "<networkx.classes.graph.Graph object at 0x13481ae50>"}, "time": 1732415564.567605}