{"duration": 0.00019931793212890625, "input_args": {"graph": "<networkx.classes.graph.Graph object at 0x1347946d0>"}, "time": 1732415563.4977012}