{"duration": 0.0004169940948486328, "input_args": {"graph": "<networkx.classes.graph.Graph object at 0x134716150>"}, "time": 1732415562.012696}