{"duration": 0.00047206878662109375, "input_args": {"graph": "<networkx.classes.graph.Graph object at 0x134795950>"}, "time": 1732415562.924757}