{"duration": 0.0009589195251464844, "input_args": {"graph": "<networkx.classes.graph.Graph object at 0x13481bcd0>"}, "time": 1732415565.013367}