{"duration": 0.0005362033843994141, "input_args": {"graph": "<networkx.classes.graph.Graph object at 0x134794550>"}, "time": 1732415562.942604}