{"duration": 0.00021600723266601562, "input_args": {"graph": "<networkx.classes.graph.Graph object at 0x134797a50>"}, "time": 1732415564.326329}