{"duration": 0.00024008750915527344, "input_args": {"graph": "<networkx.classes.graph.Graph object at 0x134717e50>"}, "time": 1732415563.344741}