{"duration": 0.0005421638488769531, "input_args": {"graph": "<networkx.classes.graph.Graph object at 0x13456f2d0>"}, "time": 1732415562.180475}