{"duration": 0.00022721290588378906, "input_args": {"graph": "<networkx.classes.graph.Graph object at 0x134819350>"}, "time": 1732415564.079775}