{"duration": 0.0008409023284912109, "input_args": {"graph": "<networkx.classes.graph.Graph object at 0x134797bd0>"}, "time": 1732415563.3583128}