{"duration": 0.000286102294921875, "input_args": {"graph": "<networkx.classes.graph.Graph object at 0x13456d250>"}, "time": 1732415561.448939}