{"duration": 0.00040340423583984375, "input_args": {"graph": "<networkx.classes.graph.Graph object at 0x134796550>"}, "time": 1732415563.5723672}