{"duration": 0.0002529621124267578, "input_args": {"graph": "<networkx.classes.graph.Graph object at 0x134819b50>"}, "time": 1732415564.257282}