{"duration": 0.0003762245178222656, "input_args": {"graph": "<networkx.classes.graph.Graph object at 0x134818a50>"}, "time": 1732415564.3234031}