{"duration": 0.0006611347198486328, "input_args": {"graph": "<networkx.classes.graph.Graph object at 0x13456ecd0>"}, "time": 1732415561.698556}