{"duration": 0.0006592273712158203, "input_args": {"graph": "<networkx.classes.graph.Graph object at 0x1348197d0>"}, "time": 1732415564.1126242}