{"duration": 0.0014660358428955078, "input_args": {"graph": "<networkx.classes.graph.Graph object at 0x1348a0650>"}, "time": 1732415564.618768}