{"duration": 0.00046515464782714844, "input_args": {"graph": "<networkx.classes.graph.Graph object at 0x1348187d0>"}, "time": 1732415563.705485}