{"duration": 0.0007920265197753906, "input_args": {"graph": "<networkx.classes.graph.Graph object at 0x134717e50>"}, "time": 1732415562.642838}