{"duration": 0.0010690689086914062, "input_args": {"graph": "<networkx.classes.graph.Graph object at 0x13481aa50>"}, "time": 1732415564.7338371}