{"duration": 0.0011320114135742188, "input_args": {"graph": "<networkx.classes.graph.Graph object at 0x13481bcd0>"}, "time": 1732415564.668906}