{"duration": 0.0004711151123046875, "input_args": {"graph": "<networkx.classes.graph.Graph object at 0x134794f50>"}, "time": 1732415562.530047}