{"duration": 0.0004940032958984375, "input_args": {"graph": "<networkx.classes.graph.Graph object at 0x13456e1d0>"}, "time": 1732415561.77676}