{"duration": 0.0005397796630859375, "input_args": {"graph": "<networkx.classes.graph.Graph object at 0x13456c9d0>"}, "time": 1732415563.418731}