{"duration": 0.0005199909210205078, "input_args": {"graph": "<networkx.classes.graph.Graph object at 0x125497b50>"}, "time": 1732415593.5272279}