{"duration": 0.00028204917907714844, "input_args": {"graph": "<networkx.classes.graph.Graph object at 0x134795450>"}, "time": 1732415563.316997}