{"duration": 0.0003199577331542969, "input_args": {"graph": "<networkx.classes.graph.Graph object at 0x134717750>"}, "time": 1732415562.261069}