{"duration": 0.0010042190551757812, "input_args": {"graph": "<networkx.classes.graph.Graph object at 0x1348a08d0>"}, "time": 1732415564.7608562}