{"duration": 0.00045680999755859375, "input_args": {"graph": "<networkx.classes.graph.Graph object at 0x134797250>"}, "time": 1732415563.390157}