{"duration": 0.0009489059448242188, "input_args": {"graph": "<networkx.classes.graph.Graph object at 0x1347163d0>"}, "time": 1732415561.924684}