{"duration": 0.0002071857452392578, "input_args": {"graph": "<networkx.classes.graph.Graph object at 0x1347978d0>"}, "time": 1732415564.2914171}