{"duration": 0.0007917881011962891, "input_args": {"graph": "<networkx.classes.graph.Graph object at 0x1347946d0>"}, "time": 1732415563.0652769}