{"duration": 0.0001862049102783203, "input_args": {"graph": "<networkx.classes.graph.Graph object at 0x134818950>"}, "time": 1732415565.211168}