{"duration": 0.00019311904907226562, "input_args": {"graph": "<networkx.classes.graph.Graph object at 0x134714b50>"}, "time": 1732415562.095659}