{"duration": 0.0010461807250976562, "input_args": {"graph": "<networkx.classes.graph.Graph object at 0x134715f50>"}, "time": 1732415562.1556501}