{"duration": 0.0008780956268310547, "input_args": {"graph": "<networkx.classes.graph.Graph object at 0x134714dd0>"}, "time": 1732415563.145241}