{"duration": 0.0005269050598144531, "input_args": {"graph": "<networkx.classes.graph.Graph object at 0x134715dd0>"}, "time": 1732415562.298197}