{"duration": 0.0014011859893798828, "input_args": {"graph": "<networkx.classes.graph.Graph object at 0x1348a1fd0>"}, "time": 1732415565.0311072}