{"duration": 0.0002830028533935547, "input_args": {"graph": "<networkx.classes.graph.Graph object at 0x134794050>"}, "time": 1732415562.4215791}