{"duration": 0.0005040168762207031, "input_args": {"graph": "<networkx.classes.graph.Graph object at 0x1347954d0>"}, "time": 1732415562.818105}