{"duration": 0.0005049705505371094, "input_args": {"graph": "<networkx.classes.graph.Graph object at 0x134715950>"}, "time": 1732415562.3986292}