{"duration": 0.0002989768981933594, "input_args": {"graph": "<networkx.classes.graph.Graph object at 0x13481bb50>"}, "time": 1732415564.56622}