{"duration": 0.0002582073211669922, "input_args": {"graph": "<networkx.classes.graph.Graph object at 0x134818cd0>"}, "time": 1732415564.4948401}