{"duration": 0.0008368492126464844, "input_args": {"graph": "<networkx.classes.graph.Graph object at 0x134716ed0>"}, "time": 1732415562.112902}