{"duration": 0.0013933181762695312, "input_args": {"graph": "<networkx.classes.graph.Graph object at 0x13481a0d0>"}, "time": 1732415564.403875}