{"duration": 0.00021982192993164062, "input_args": {"graph": "<networkx.classes.graph.Graph object at 0x13456edd0>"}, "time": 1732415561.951861}