{"duration": 0.00034999847412109375, "input_args": {"graph": "<networkx.classes.graph.Graph object at 0x134797350>"}, "time": 1732415563.5926669}