{"duration": 0.0005266666412353516, "input_args": {"graph": "<networkx.classes.graph.Graph object at 0x1347950d0>"}, "time": 1732415562.9028978}