{"duration": 0.0010251998901367188, "input_args": {"graph": "<networkx.classes.graph.Graph object at 0x1347162d0>"}, "time": 1732415561.86783}