{"duration": 0.0005271434783935547, "input_args": {"graph": "<networkx.classes.graph.Graph object at 0x13456e9d0>"}, "time": 1732415561.441656}