{"duration": 0.0002472400665283203, "input_args": {"graph": "<networkx.classes.graph.Graph object at 0x13456d9d0>"}, "time": 1732415562.59329}