{"duration": 0.0005509853363037109, "input_args": {"graph": "<networkx.classes.graph.Graph object at 0x13481ad50>"}, "time": 1732415563.952395}