{"duration": 0.0005352497100830078, "input_args": {"graph": "<networkx.classes.graph.Graph object at 0x134797950>"}, "time": 1732415563.751413}