{"duration": 0.0013039112091064453, "input_args": {"graph": "<networkx.classes.graph.Graph object at 0x1208fef50>"}, "time": 1732415572.357446}