{"duration": 0.0005397796630859375, "input_args": {"graph": "<networkx.classes.graph.Graph object at 0x13481a050>"}, "time": 1732415563.7589738}