{"duration": 0.0013930797576904297, "input_args": {"graph": "<networkx.classes.graph.Graph object at 0x134795f50>"}, "time": 1732415563.83854}