{"duration": 0.0008058547973632812, "input_args": {"graph": "<networkx.classes.graph.Graph object at 0x13481bc50>"}, "time": 1732415564.4622688}