{"duration": 0.0002167224884033203, "input_args": {"graph": "<networkx.classes.graph.Graph object at 0x1347961d0>"}, "time": 1732415563.4816918}