{"duration": 0.0004639625549316406, "input_args": {"graph": "<networkx.classes.graph.Graph object at 0x13456dad0>"}, "time": 1732415562.054836}