{"duration": 0.000560760498046875, "input_args": {"graph": "<networkx.classes.graph.Graph object at 0x134717c50>"}, "time": 1732415562.3592849}