{"duration": 0.0005011558532714844, "input_args": {"graph": "<networkx.classes.graph.Graph object at 0x13456ef50>"}, "time": 1732415561.695782}