{"duration": 0.0005142688751220703, "input_args": {"graph": "<networkx.classes.graph.Graph object at 0x134819650>"}, "time": 1732415564.5160441}