{"duration": 0.0004718303680419922, "input_args": {"graph": "<networkx.classes.graph.Graph object at 0x13456f650>"}, "time": 1732415561.460605}