{"duration": 0.0007669925689697266, "input_args": {"graph": "<networkx.classes.graph.Graph object at 0x1348186d0>"}, "time": 1732415564.732028}