{"duration": 0.0005412101745605469, "input_args": {"graph": "<networkx.classes.graph.Graph object at 0x13481b1d0>"}, "time": 1732415564.0983412}