{"duration": 0.0003120899200439453, "input_args": {"graph": "<networkx.classes.graph.Graph object at 0x1253feed0>"}, "time": 1732415593.939352}