{"duration": 0.0007390975952148438, "input_args": {"graph": "<networkx.classes.graph.Graph object at 0x134714150>"}, "time": 1732415561.930395}