{"duration": 0.001157999038696289, "input_args": {"graph": "<networkx.classes.graph.Graph object at 0x134818450>"}, "time": 1732415563.529001}