{"duration": 0.0004973411560058594, "input_args": {"graph": "<networkx.classes.graph.Graph object at 0x134715050>"}, "time": 1732415561.873666}