{"duration": 0.0006699562072753906, "input_args": {"graph": "<networkx.classes.graph.Graph object at 0x134794dd0>"}, "time": 1732415562.8172219}