{"duration": 0.0012760162353515625, "input_args": {"graph": "<networkx.classes.graph.Graph object at 0x134795e50>"}, "time": 1732415563.747788}