{"duration": 0.0004889965057373047, "input_args": {"graph": "<networkx.classes.graph.Graph object at 0x1347167d0>"}, "time": 1732415562.042017}