{"duration": 0.0003380775451660156, "input_args": {"graph": "<networkx.classes.graph.Graph object at 0x134819350>"}, "time": 1732415563.7678301}