{"duration": 0.0005640983581542969, "input_args": {"graph": "<networkx.classes.graph.Graph object at 0x13481a450>"}, "time": 1732415563.769802}