{"duration": 0.0005750656127929688, "input_args": {"graph": "<networkx.classes.graph.Graph object at 0x1208fe150>"}, "time": 1732415572.308834}