{"duration": 0.00024819374084472656, "input_args": {"graph": "<networkx.classes.graph.Graph object at 0x13456f6d0>"}, "time": 1732415561.7725282}