{"duration": 0.0005638599395751953, "input_args": {"graph": "<networkx.classes.graph.Graph object at 0x134818750>"}, "time": 1732415563.809109}