{"duration": 0.0005528926849365234, "input_args": {"graph": "<networkx.classes.graph.Graph object at 0x13481bed0>"}, "time": 1732415564.4506738}