{"duration": 0.0008680820465087891, "input_args": {"graph": "<networkx.classes.graph.Graph object at 0x134714a50>"}, "time": 1732415562.362446}