{"duration": 0.0007870197296142578, "input_args": {"graph": "<networkx.classes.graph.Graph object at 0x12099a6d0>"}, "time": 1732415572.30781}