{"duration": 0.0002357959747314453, "input_args": {"graph": "<networkx.classes.graph.Graph object at 0x134717550>"}, "time": 1732415562.4324749}