{"duration": 0.0015869140625, "input_args": {"graph": "<networkx.classes.graph.Graph object at 0x134797750>"}, "time": 1732415563.278037}