{"duration": 0.0005779266357421875, "input_args": {"graph": "<networkx.classes.graph.Graph object at 0x1347973d0>"}, "time": 1732415564.906077}