{"duration": 0.0002560615539550781, "input_args": {"graph": "<networkx.classes.graph.Graph object at 0x13481bb50>"}, "time": 1732415564.8074398}