{"duration": 0.0008540153503417969, "input_args": {"graph": "<networkx.classes.graph.Graph object at 0x134794350>"}, "time": 1732415563.3985002}