{"duration": 0.0005481243133544922, "input_args": {"graph": "<networkx.classes.graph.Graph object at 0x13481a550>"}, "time": 1732415563.881835}