{"duration": 0.0013780593872070312, "input_args": {"graph": "<networkx.classes.graph.Graph object at 0x1347963d0>"}, "time": 1732415564.5317981}