{"duration": 0.0008449554443359375, "input_args": {"graph": "<networkx.classes.graph.Graph object at 0x1347975d0>"}, "time": 1732415563.120485}