{"duration": 0.0002980232238769531, "input_args": {"graph": "<networkx.classes.graph.Graph object at 0x134819450>"}, "time": 1732415564.338589}