{"duration": 0.0006630420684814453, "input_args": {"graph": "<networkx.classes.graph.Graph object at 0x134716a50>"}, "time": 1732415562.811429}