{"duration": 0.0011210441589355469, "input_args": {"graph": "<networkx.classes.graph.Graph object at 0x134795ed0>"}, "time": 1732415563.5464342}