{"duration": 0.0005369186401367188, "input_args": {"graph": "<networkx.classes.graph.Graph object at 0x13481a5d0>"}, "time": 1732415563.844037}