{"duration": 0.00025916099548339844, "input_args": {"graph": "<networkx.classes.graph.Graph object at 0x134797550>"}, "time": 1732415563.791162}