{"duration": 0.00024390220642089844, "input_args": {"graph": "<networkx.classes.graph.Graph object at 0x134794e50>"}, "time": 1732415562.404514}