{"duration": 0.0011298656463623047, "input_args": {"graph": "<networkx.classes.graph.Graph object at 0x13481a5d0>"}, "time": 1732415564.244009}