{"duration": 0.0007739067077636719, "input_args": {"graph": "<networkx.classes.graph.Graph object at 0x134819650>"}, "time": 1732415564.510632}