{"duration": 0.0005121231079101562, "input_args": {"graph": "<networkx.classes.graph.Graph object at 0x134794350>"}, "time": 1732415562.6383271}