{"duration": 0.0004439353942871094, "input_args": {"graph": "<networkx.classes.graph.Graph object at 0x134717a50>"}, "time": 1732415562.369401}