{"duration": 0.0002467632293701172, "input_args": {"graph": "<networkx.classes.graph.Graph object at 0x134715350>"}, "time": 1732415561.8353238}