{"duration": 0.0011661052703857422, "input_args": {"graph": "<networkx.classes.graph.Graph object at 0x134819ed0>"}, "time": 1732415563.8899221}