{"duration": 0.0002429485321044922, "input_args": {"graph": "<networkx.classes.graph.Graph object at 0x13481ab50>"}, "time": 1732415564.0239968}