{"duration": 0.0002608299255371094, "input_args": {"graph": "<networkx.classes.graph.Graph object at 0x1344ff950>"}, "time": 1732415562.735988}