{"duration": 0.0015099048614501953, "input_args": {"graph": "<networkx.classes.graph.Graph object at 0x1209986d0>"}, "time": 1732415572.3399029}