{"duration": 0.0002338886260986328, "input_args": {"graph": "<networkx.classes.graph.Graph object at 0x134797a50>"}, "time": 1732415564.077784}