{"duration": 0.00026488304138183594, "input_args": {"graph": "<networkx.classes.graph.Graph object at 0x13481bd50>"}, "time": 1732415565.038573}