{"duration": 0.0005476474761962891, "input_args": {"graph": "<networkx.classes.graph.Graph object at 0x1348193d0>"}, "time": 1732415563.940392}