{"duration": 0.0002110004425048828, "input_args": {"graph": "<networkx.classes.graph.Graph object at 0x134714650>"}, "time": 1732415561.729129}