{"duration": 0.0005178451538085938, "input_args": {"graph": "<networkx.classes.graph.Graph object at 0x13456d3d0>"}, "time": 1732415562.5922549}