{"duration": 0.0001850128173828125, "input_args": {"graph": "<networkx.classes.graph.Graph object at 0x1347175d0>"}, "time": 1732415562.667577}