{"duration": 0.001081705093383789, "input_args": {"graph": "<networkx.classes.graph.Graph object at 0x13481b150>"}, "time": 1732415564.2305238}