{"duration": 0.0002608299255371094, "input_args": {"graph": "<networkx.classes.graph.Graph object at 0x1347142d0>"}, "time": 1732415561.4489548}