{"duration": 0.0005939006805419922, "input_args": {"graph": "<networkx.classes.graph.Graph object at 0x1347167d0>"}, "time": 1732415562.489377}