{"duration": 0.00020885467529296875, "input_args": {"graph": "<networkx.classes.graph.Graph object at 0x1344ffd50>"}, "time": 1732415561.7654998}