{"duration": 0.0005331039428710938, "input_args": {"graph": "<networkx.classes.graph.Graph object at 0x13481bb50>"}, "time": 1732415564.518972}