{"duration": 0.00019407272338867188, "input_args": {"graph": "<networkx.classes.graph.Graph object at 0x13451f850>"}, "time": 1732415561.368052}