{"duration": 0.00023293495178222656, "input_args": {"graph": "<networkx.classes.graph.Graph object at 0x1348185d0>"}, "time": 1732415564.729527}