{"duration": 0.000308990478515625, "input_args": {"graph": "<networkx.classes.graph.Graph object at 0x13456e850>"}, "time": 1732415561.488472}