{"duration": 0.0008981227874755859, "input_args": {"graph": "<networkx.classes.graph.Graph object at 0x1347969d0>"}, "time": 1732415563.1246872}