{"duration": 0.0007781982421875, "input_args": {"graph": "<networkx.classes.graph.Graph object at 0x134715950>"}, "time": 1732415562.3566122}