{"duration": 0.0009169578552246094, "input_args": {"graph": "<networkx.classes.graph.Graph object at 0x1348183d0>"}, "time": 1732415564.0447848}