{"duration": 0.0008702278137207031, "input_args": {"graph": "<networkx.classes.graph.Graph object at 0x1347178d0>"}, "time": 1732415562.2629492}