{"duration": 0.0002391338348388672, "input_args": {"graph": "<networkx.classes.graph.Graph object at 0x1347151d0>"}, "time": 1732415562.864511}