{"duration": 0.0002880096435546875, "input_args": {"graph": "<networkx.classes.graph.Graph object at 0x13456ddd0>"}, "time": 1732415561.490282}