{"duration": 0.0008590221405029297, "input_args": {"graph": "<networkx.classes.graph.Graph object at 0x134717150>"}, "time": 1732415561.999899}