{"duration": 0.00036215782165527344, "input_args": {"graph": "<networkx.classes.graph.Graph object at 0x1347151d0>"}, "time": 1732415561.669585}