{"duration": 0.0006740093231201172, "input_args": {"graph": "<networkx.classes.graph.Graph object at 0x134819dd0>"}, "time": 1732415565.15235}