{"duration": 0.0005788803100585938, "input_args": {"graph": "<networkx.classes.graph.Graph object at 0x13456ecd0>"}, "time": 1732415562.035488}