{"duration": 0.0005178451538085938, "input_args": {"graph": "<networkx.classes.graph.Graph object at 0x134716750>"}, "time": 1732415561.898686}