{"duration": 0.001127004623413086, "input_args": {"graph": "<networkx.classes.graph.Graph object at 0x12099a350>"}, "time": 1732415571.604083}