{"duration": 0.00027489662170410156, "input_args": {"graph": "<networkx.classes.graph.Graph object at 0x134796050>"}, "time": 1732415563.589024}