{"duration": 0.00022792816162109375, "input_args": {"graph": "<networkx.classes.graph.Graph object at 0x13456cd50>"}, "time": 1732415562.922241}