{"duration": 0.0007607936859130859, "input_args": {"graph": "<networkx.classes.graph.Graph object at 0x134795550>"}, "time": 1732415562.769577}