{"duration": 0.0002789497375488281, "input_args": {"graph": "<networkx.classes.graph.Graph object at 0x13456fcd0>"}, "time": 1732415561.4461591}