{"duration": 0.0002460479736328125, "input_args": {"graph": "<networkx.classes.graph.Graph object at 0x134796bd0>"}, "time": 1732415562.99194}