{"duration": 0.00021409988403320312, "input_args": {"graph": "<networkx.classes.graph.Graph object at 0x1347948d0>"}, "time": 1732415564.876541}