{"duration": 0.0003039836883544922, "input_args": {"graph": "<networkx.classes.graph.Graph object at 0x13456f850>"}, "time": 1732415561.58862}