{"duration": 0.00041294097900390625, "input_args": {"graph": "<networkx.classes.graph.Graph object at 0x134715050>"}, "time": 1732415561.782819}