{"duration": 0.00018787384033203125, "input_args": {"graph": "<networkx.classes.graph.Graph object at 0x134796fd0>"}, "time": 1732415564.292894}