{"duration": 0.0013401508331298828, "input_args": {"graph": "<networkx.classes.graph.Graph object at 0x13456c9d0>"}, "time": 1732415562.6177769}