{"duration": 0.0002498626708984375, "input_args": {"graph": "<networkx.classes.graph.Graph object at 0x13481ad50>"}, "time": 1732415564.688871}