{"duration": 0.0006539821624755859, "input_args": {"graph": "<networkx.classes.graph.Graph object at 0x13481a350>"}, "time": 1732415563.9079082}