{"duration": 0.0004470348358154297, "input_args": {"graph": "<networkx.classes.graph.Graph object at 0x134796250>"}, "time": 1732415562.914815}