{"duration": 0.00024318695068359375, "input_args": {"graph": "<networkx.classes.graph.Graph object at 0x134795ed0>"}, "time": 1732415562.9442291}