{"duration": 0.0010786056518554688, "input_args": {"graph": "<networkx.classes.graph.Graph object at 0x134797cd0>"}, "time": 1732415563.3378408}