{"duration": 0.0007548332214355469, "input_args": {"graph": "<networkx.classes.graph.Graph object at 0x1208e6e50>"}, "time": 1732415571.6153479}