{"duration": 0.0007188320159912109, "input_args": {"graph": "<networkx.classes.graph.Graph object at 0x1344fff50>"}, "time": 1732415561.916169}