{"duration": 0.00024175643920898438, "input_args": {"graph": "<networkx.classes.graph.Graph object at 0x13456f150>"}, "time": 1732415561.7784388}