{"duration": 0.00017786026000976562, "input_args": {"graph": "<networkx.classes.graph.Graph object at 0x13456ef50>"}, "time": 1732415561.572031}