{"duration": 0.00019693374633789062, "input_args": {"graph": "<networkx.classes.graph.Graph object at 0x13456eb50>"}, "time": 1732415561.565923}