{"duration": 0.00023221969604492188, "input_args": {"graph": "<networkx.classes.graph.Graph object at 0x13456e6d0>"}, "time": 1732415563.0775292}