{"duration": 0.0005629062652587891, "input_args": {"graph": "<networkx.classes.graph.Graph object at 0x134714150>"}, "time": 1732415563.221997}