{"duration": 0.0011570453643798828, "input_args": {"graph": "<networkx.classes.graph.Graph object at 0x1347168d0>"}, "time": 1732415563.663557}