{"duration": 0.0002989768981933594, "input_args": {"graph": "<networkx.classes.graph.Graph object at 0x134819450>"}, "time": 1732415564.9792771}