{"duration": 0.00018787384033203125, "input_args": {"graph": "<networkx.classes.graph.Graph object at 0x13481b1d0>"}, "time": 1732415565.137595}