{"duration": 0.0003261566162109375, "input_args": {"graph": "<networkx.classes.graph.Graph object at 0x1347967d0>"}, "time": 1732415563.002317}