{"duration": 0.001558065414428711, "input_args": {"graph": "<networkx.classes.graph.Graph object at 0x134818d50>"}, "time": 1732415564.212231}