{"duration": 0.00024175643920898438, "input_args": {"graph": "<networkx.classes.graph.Graph object at 0x13456c8d0>"}, "time": 1732415563.010197}