{"duration": 0.0002334117889404297, "input_args": {"graph": "<networkx.classes.graph.Graph object at 0x1347951d0>"}, "time": 1732415562.9487412}