{"duration": 0.0005240440368652344, "input_args": {"graph": "<networkx.classes.graph.Graph object at 0x1347148d0>"}, "time": 1732415562.381603}