{"duration": 0.0005538463592529297, "input_args": {"graph": "<networkx.classes.graph.Graph object at 0x1347959d0>"}, "time": 1732415562.856462}