{"duration": 0.0010991096496582031, "input_args": {"graph": "<networkx.classes.graph.Graph object at 0x13481a0d0>"}, "time": 1732415564.380758}