{"duration": 0.0004367828369140625, "input_args": {"graph": "<networkx.classes.graph.Graph object at 0x134715dd0>"}, "time": 1732415562.218266}