{"duration": 0.0003058910369873047, "input_args": {"graph": "<networkx.classes.graph.Graph object at 0x13456ed50>"}, "time": 1732415561.489404}