{"duration": 0.00023031234741210938, "input_args": {"graph": "<networkx.classes.graph.Graph object at 0x1347160d0>"}, "time": 1732415563.4723341}