{"duration": 0.0003383159637451172, "input_args": {"graph": "<networkx.classes.graph.Graph object at 0x1347160d0>"}, "time": 1732415562.4564312}