{"duration": 0.0007708072662353516, "input_args": {"graph": "<networkx.classes.graph.Graph object at 0x1348185d0>"}, "time": 1732415563.9028869}