{"duration": 0.0005507469177246094, "input_args": {"graph": "<networkx.classes.graph.Graph object at 0x13481ac50>"}, "time": 1732415564.7118678}