{"duration": 0.00024819374084472656, "input_args": {"graph": "<networkx.classes.graph.Graph object at 0x13456dd50>"}, "time": 1732415562.9317372}