{"duration": 0.0005350112915039062, "input_args": {"graph": "<networkx.classes.graph.Graph object at 0x1347167d0>"}, "time": 1732415562.445258}