{"duration": 0.0012447834014892578, "input_args": {"graph": "<networkx.classes.graph.Graph object at 0x134716cd0>"}, "time": 1732415562.2385411}