{"duration": 0.00028824806213378906, "input_args": {"graph": "<networkx.classes.graph.Graph object at 0x1347176d0>"}, "time": 1732415562.6833122}