{"duration": 0.000202178955078125, "input_args": {"graph": "<networkx.classes.graph.Graph object at 0x1347942d0>"}, "time": 1732415562.7679842}