{"duration": 0.0005390644073486328, "input_args": {"graph": "<networkx.classes.graph.Graph object at 0x13456f450>"}, "time": 1732415561.834508}