{"duration": 0.0005741119384765625, "input_args": {"graph": "<networkx.classes.graph.Graph object at 0x13481a550>"}, "time": 1732415564.5220292}