{"duration": 0.0005612373352050781, "input_args": {"graph": "<networkx.classes.graph.Graph object at 0x134797850>"}, "time": 1732415563.1029692}