{"duration": 0.0006022453308105469, "input_args": {"graph": "<networkx.classes.graph.Graph object at 0x1347153d0>"}, "time": 1732415562.430607}