{"duration": 0.001280069351196289, "input_args": {"graph": "<networkx.classes.graph.Graph object at 0x134819150>"}, "time": 1732415563.798006}