{"duration": 0.0003521442413330078, "input_args": {"graph": "<networkx.classes.graph.Graph object at 0x13481ba50>"}, "time": 1732415565.150262}