{"duration": 0.0001780986785888672, "input_args": {"graph": "<networkx.classes.graph.Graph object at 0x13481a850>"}, "time": 1732415565.21057}