{"duration": 0.0011277198791503906, "input_args": {"graph": "<networkx.classes.graph.Graph object at 0x13456f750>"}, "time": 1732415562.300289}