{"duration": 0.0006351470947265625, "input_args": {"graph": "<networkx.classes.graph.Graph object at 0x134796b50>"}, "time": 1732415562.914413}