{"duration": 0.0002560615539550781, "input_args": {"graph": "<networkx.classes.graph.Graph object at 0x1347960d0>"}, "time": 1732415563.559436}