{"duration": 0.0006630420684814453, "input_args": {"graph": "<networkx.classes.graph.Graph object at 0x134819b50>"}, "time": 1732415564.16496}