{"duration": 0.00045800209045410156, "input_args": {"graph": "<networkx.classes.graph.Graph object at 0x13456ec50>"}, "time": 1732415561.8286688}