{"duration": 0.0008370876312255859, "input_args": {"graph": "<networkx.classes.graph.Graph object at 0x134795450>"}, "time": 1732415563.246531}