{"duration": 0.00021696090698242188, "input_args": {"graph": "<networkx.classes.graph.Graph object at 0x134714650>"}, "time": 1732415562.677115}