{"duration": 0.0002779960632324219, "input_args": {"graph": "<networkx.classes.graph.Graph object at 0x13456e5d0>"}, "time": 1732415561.8263218}