{"duration": 0.0002551078796386719, "input_args": {"graph": "<networkx.classes.graph.Graph object at 0x134796250>"}, "time": 1732415563.142863}