{"duration": 0.0014369487762451172, "input_args": {"graph": "<networkx.classes.graph.Graph object at 0x134795f50>"}, "time": 1732415564.188082}