{"duration": 0.0014767646789550781, "input_args": {"graph": "<networkx.classes.graph.Graph object at 0x13481a9d0>"}, "time": 1732415563.9782898}