{"duration": 0.00022912025451660156, "input_args": {"graph": "<networkx.classes.graph.Graph object at 0x134717ed0>"}, "time": 1732415562.232407}