{"duration": 0.0002510547637939453, "input_args": {"graph": "<networkx.classes.graph.Graph object at 0x1348a12d0>"}, "time": 1732415564.702416}