{"duration": 0.0009288787841796875, "input_args": {"graph": "<networkx.classes.graph.Graph object at 0x13456f050>"}, "time": 1732415562.003838}