{"duration": 0.00024771690368652344, "input_args": {"graph": "<networkx.classes.graph.Graph object at 0x13481a6d0>"}, "time": 1732415564.6965618}