{"duration": 0.0003910064697265625, "input_args": {"graph": "<networkx.classes.graph.Graph object at 0x1347153d0>"}, "time": 1732415561.937292}