{"duration": 0.0002486705780029297, "input_args": {"graph": "<networkx.classes.graph.Graph object at 0x13456dad0>"}, "time": 1732415561.9509199}