{"duration": 0.00020503997802734375, "input_args": {"graph": "<networkx.classes.graph.Graph object at 0x134819750>"}, "time": 1732415564.3180852}