{"duration": 0.0005788803100585938, "input_args": {"graph": "<networkx.classes.graph.Graph object at 0x13481a550>"}, "time": 1732415564.440562}