{"duration": 0.0005450248718261719, "input_args": {"graph": "<networkx.classes.graph.Graph object at 0x12099a9d0>"}, "time": 1732415572.302133}