{"duration": 0.0010499954223632812, "input_args": {"graph": "<networkx.classes.graph.Graph object at 0x134796a50>"}, "time": 1732415563.67529}