{"duration": 0.00037932395935058594, "input_args": {"graph": "<networkx.classes.graph.Graph object at 0x13456c9d0>"}, "time": 1732415563.5384252}