{"duration": 0.00019884109497070312, "input_args": {"graph": "<networkx.classes.graph.Graph object at 0x134819a50>"}, "time": 1732415564.8832068}