{"duration": 0.0018930435180664062, "input_args": {"graph": "<networkx.classes.graph.Graph object at 0x12099b350>"}, "time": 1732415572.34267}