{"duration": 0.0003528594970703125, "input_args": {"graph": "<networkx.classes.graph.Graph object at 0x1253fc2d0>"}, "time": 1732415593.429599}