{"duration": 0.0012068748474121094, "input_args": {"graph": "<networkx.classes.graph.Graph object at 0x134818950>"}, "time": 1732415564.72839}