{"duration": 0.0013492107391357422, "input_args": {"graph": "<networkx.classes.graph.Graph object at 0x13481b250>"}, "time": 1732415564.0693471}