{"duration": 0.0006320476531982422, "input_args": {"graph": "<networkx.classes.graph.Graph object at 0x134716bd0>"}, "time": 1732415562.215394}