{"duration": 0.0005419254302978516, "input_args": {"graph": "<networkx.classes.graph.Graph object at 0x13481b2d0>"}, "time": 1732415564.569624}