{"duration": 0.00020074844360351562, "input_args": {"graph": "<networkx.classes.graph.Graph object at 0x134715ed0>"}, "time": 1732415562.085645}