{"duration": 0.0003650188446044922, "input_args": {"graph": "<networkx.classes.graph.Graph object at 0x125497d50>"}, "time": 1732415592.941376}