{"duration": 0.0005209445953369141, "input_args": {"graph": "<networkx.classes.graph.Graph object at 0x134818ad0>"}, "time": 1732415564.442366}