{"duration": 0.0011162757873535156, "input_args": {"graph": "<networkx.classes.graph.Graph object at 0x13481b950>"}, "time": 1732415564.483812}