{"duration": 0.00019693374633789062, "input_args": {"graph": "<networkx.classes.graph.Graph object at 0x134797bd0>"}, "time": 1732415564.288434}