{"duration": 0.001035928726196289, "input_args": {"graph": "<networkx.classes.graph.Graph object at 0x134796fd0>"}, "time": 1732415563.25597}