{"duration": 0.00020575523376464844, "input_args": {"graph": "<networkx.classes.graph.Graph object at 0x1348a22d0>"}, "time": 1732415565.1793358}