{"duration": 0.00026488304138183594, "input_args": {"graph": "<networkx.classes.graph.Graph object at 0x1348a0750>"}, "time": 1732415564.890524}