{"duration": 0.0007359981536865234, "input_args": {"graph": "<networkx.classes.graph.Graph object at 0x134794dd0>"}, "time": 1732415562.497605}