{"duration": 0.00021910667419433594, "input_args": {"graph": "<networkx.classes.graph.Graph object at 0x1347152d0>"}, "time": 1732415562.089241}