{"duration": 0.0004811286926269531, "input_args": {"graph": "<networkx.classes.graph.Graph object at 0x13456ce50>"}, "time": 1732415562.624508}