{"duration": 0.00022292137145996094, "input_args": {"graph": "<networkx.classes.graph.Graph object at 0x1347960d0>"}, "time": 1732415563.920466}