{"duration": 0.0005071163177490234, "input_args": {"graph": "<networkx.classes.graph.Graph object at 0x1347941d0>"}, "time": 1732415562.335544}