{"duration": 0.0003867149353027344, "input_args": {"graph": "<networkx.classes.graph.Graph object at 0x1347154d0>"}, "time": 1732415562.826161}