{"duration": 0.0006389617919921875, "input_args": {"graph": "<networkx.classes.graph.Graph object at 0x1347179d0>"}, "time": 1732415562.710794}