{"duration": 0.0002090930938720703, "input_args": {"graph": "<networkx.classes.graph.Graph object at 0x1344ff7d0>"}, "time": 1732415561.531038}