{"duration": 0.0005021095275878906, "input_args": {"graph": "<networkx.classes.graph.Graph object at 0x134796bd0>"}, "time": 1732415563.034208}