{"duration": 0.00038695335388183594, "input_args": {"graph": "<networkx.classes.graph.Graph object at 0x13456ddd0>"}, "time": 1732415561.632763}