{"duration": 0.0006759166717529297, "input_args": {"graph": "<networkx.classes.graph.Graph object at 0x134819a50>"}, "time": 1732415564.1561759}