{"duration": 0.00019931793212890625, "input_args": {"graph": "<networkx.classes.graph.Graph object at 0x13456e950>"}, "time": 1732415561.563182}