{"duration": 0.000244140625, "input_args": {"graph": "<networkx.classes.graph.Graph object at 0x1348192d0>"}, "time": 1732415563.672069}