{"duration": 0.0010769367218017578, "input_args": {"graph": "<networkx.classes.graph.Graph object at 0x134714050>"}, "time": 1732415562.403179}