{"duration": 0.0007510185241699219, "input_args": {"graph": "<networkx.classes.graph.Graph object at 0x1347163d0>"}, "time": 1732415562.376313}