{"duration": 0.0011599063873291016, "input_args": {"graph": "<networkx.classes.graph.Graph object at 0x134795bd0>"}, "time": 1732415563.842946}