{"duration": 0.0007431507110595703, "input_args": {"graph": "<networkx.classes.graph.Graph object at 0x13456ce50>"}, "time": 1732415562.987087}