{"duration": 0.0009300708770751953, "input_args": {"graph": "<networkx.classes.graph.Graph object at 0x13481a650>"}, "time": 1732415564.181238}