{"duration": 0.0004658699035644531, "input_args": {"graph": "<networkx.classes.graph.Graph object at 0x134794f50>"}, "time": 1732415562.3194518}