{"duration": 0.0007450580596923828, "input_args": {"graph": "<networkx.classes.graph.Graph object at 0x134715e50>"}, "time": 1732415561.904205}