{"duration": 0.0005669593811035156, "input_args": {"graph": "<networkx.classes.graph.Graph object at 0x13456f250>"}, "time": 1732415564.586838}