{"duration": 0.0010900497436523438, "input_args": {"graph": "<networkx.classes.graph.Graph object at 0x134714d50>"}, "time": 1732415562.369005}