{"duration": 0.0004661083221435547, "input_args": {"graph": "<networkx.classes.graph.Graph object at 0x1347148d0>"}, "time": 1732415561.7290392}