{"duration": 0.0004839897155761719, "input_args": {"graph": "<networkx.classes.graph.Graph object at 0x134818b50>"}, "time": 1732415563.90339}