{"duration": 0.0005311965942382812, "input_args": {"graph": "<networkx.classes.graph.Graph object at 0x1347141d0>"}, "time": 1732415562.01386}