{"duration": 0.0006029605865478516, "input_args": {"graph": "<networkx.classes.graph.Graph object at 0x13481b1d0>"}, "time": 1732415564.673296}