{"duration": 0.00024890899658203125, "input_args": {"graph": "<networkx.classes.graph.Graph object at 0x134716cd0>"}, "time": 1732415562.274731}