{"duration": 0.0010371208190917969, "input_args": {"graph": "<networkx.classes.graph.Graph object at 0x13481bbd0>"}, "time": 1732415565.014868}