{"duration": 0.0005230903625488281, "input_args": {"graph": "<networkx.classes.graph.Graph object at 0x134794450>"}, "time": 1732415562.297363}