{"duration": 0.0014562606811523438, "input_args": {"graph": "<networkx.classes.graph.Graph object at 0x13481a650>"}, "time": 1732415564.241579}