{"duration": 0.0003161430358886719, "input_args": {"graph": "<networkx.classes.graph.Graph object at 0x134794cd0>"}, "time": 1732415562.3874712}