{"duration": 0.0002028942108154297, "input_args": {"graph": "<networkx.classes.graph.Graph object at 0x13456f650>"}, "time": 1732415561.4079711}