{"duration": 0.0001780986785888672, "input_args": {"graph": "<networkx.classes.graph.Graph object at 0x1347958d0>"}, "time": 1732415563.491534}