{"duration": 0.0006988048553466797, "input_args": {"graph": "<networkx.classes.graph.Graph object at 0x1348189d0>"}, "time": 1732415563.595913}