{"duration": 0.0015687942504882812, "input_args": {"graph": "<networkx.classes.graph.Graph object at 0x13481bad0>"}, "time": 1732415564.678779}