{"duration": 0.00024199485778808594, "input_args": {"graph": "<networkx.classes.graph.Graph object at 0x134796150>"}, "time": 1732415563.194531}