{"duration": 0.0002651214599609375, "input_args": {"graph": "<networkx.classes.graph.Graph object at 0x1347968d0>"}, "time": 1732415563.2971551}