{"duration": 0.00023126602172851562, "input_args": {"graph": "<networkx.classes.graph.Graph object at 0x13456fdd0>"}, "time": 1732415561.4164622}