{"duration": 0.0008170604705810547, "input_args": {"graph": "<networkx.classes.graph.Graph object at 0x134819c50>"}, "time": 1732415564.235908}