{"duration": 0.0008342266082763672, "input_args": {"graph": "<networkx.classes.graph.Graph object at 0x13481af50>"}, "time": 1732415563.994708}