{"duration": 0.0006239414215087891, "input_args": {"graph": "<networkx.classes.graph.Graph object at 0x1348199d0>"}, "time": 1732415563.978865}