{"duration": 0.00045800209045410156, "input_args": {"graph": "<networkx.classes.graph.Graph object at 0x13456e750>"}, "time": 1732415561.806814}