{"duration": 0.0005300045013427734, "input_args": {"graph": "<networkx.classes.graph.Graph object at 0x134794fd0>"}, "time": 1732415563.426975}