{"duration": 0.0007679462432861328, "input_args": {"graph": "<networkx.classes.graph.Graph object at 0x134818cd0>"}, "time": 1732415565.0283148}