{"duration": 0.0010089874267578125, "input_args": {"graph": "<networkx.classes.graph.Graph object at 0x134797ed0>"}, "time": 1732415565.032166}