{"duration": 0.0005848407745361328, "input_args": {"graph": "<networkx.classes.graph.Graph object at 0x1347940d0>"}, "time": 1732415562.2481768}