{"duration": 0.0005650520324707031, "input_args": {"graph": "<networkx.classes.graph.Graph object at 0x125494650>"}, "time": 1732415592.717709}