{"duration": 0.0002079010009765625, "input_args": {"graph": "<networkx.classes.graph.Graph object at 0x1348199d0>"}, "time": 1732415565.208155}