{"duration": 0.0005080699920654297, "input_args": {"graph": "<networkx.classes.graph.Graph object at 0x13481bc50>"}, "time": 1732415564.562279}