{"duration": 0.00034308433532714844, "input_args": {"graph": "<networkx.classes.graph.Graph object at 0x134818550>"}, "time": 1732415563.5278232}