{"duration": 0.0010998249053955078, "input_args": {"graph": "<networkx.classes.graph.Graph object at 0x134794650>"}, "time": 1732415562.713851}