{"duration": 0.0007770061492919922, "input_args": {"graph": "<networkx.classes.graph.Graph object at 0x1347965d0>"}, "time": 1732415563.2921531}