{"duration": 0.00025582313537597656, "input_args": {"graph": "<networkx.classes.graph.Graph object at 0x13456f2d0>"}, "time": 1732415561.4461792}