{"duration": 0.0005061626434326172, "input_args": {"graph": "<networkx.classes.graph.Graph object at 0x1347159d0>"}, "time": 1732415562.031373}