{"duration": 0.00023698806762695312, "input_args": {"graph": "<networkx.classes.graph.Graph object at 0x1348185d0>"}, "time": 1732415564.061289}