{"duration": 0.0005087852478027344, "input_args": {"graph": "<networkx.classes.graph.Graph object at 0x134818d50>"}, "time": 1732415564.028075}