{"duration": 0.0005671977996826172, "input_args": {"graph": "<networkx.classes.graph.Graph object at 0x134819ad0>"}, "time": 1732415564.2369092}