{"duration": 0.0011289119720458984, "input_args": {"graph": "<networkx.classes.graph.Graph object at 0x134714050>"}, "time": 1732415563.091629}