{"duration": 0.0002219676971435547, "input_args": {"graph": "<networkx.classes.graph.Graph object at 0x1347150d0>"}, "time": 1732415562.090324}