{"duration": 0.00045418739318847656, "input_args": {"graph": "<networkx.classes.graph.Graph object at 0x134797bd0>"}, "time": 1732415563.293049}