{"duration": 0.0010821819305419922, "input_args": {"graph": "<networkx.classes.graph.Graph object at 0x13481ac50>"}, "time": 1732415564.371653}