{"duration": 0.0005800724029541016, "input_args": {"graph": "<networkx.classes.graph.Graph object at 0x13481b1d0>"}, "time": 1732415564.121689}