{"duration": 0.0011909008026123047, "input_args": {"graph": "<networkx.classes.graph.Graph object at 0x134818f50>"}, "time": 1732415565.105706}