{"duration": 0.0004730224609375, "input_args": {"graph": "<networkx.classes.graph.Graph object at 0x134714e50>"}, "time": 1732415561.777537}