{"duration": 0.0003218650817871094, "input_args": {"graph": "<networkx.classes.graph.Graph object at 0x134714950>"}, "time": 1732415563.1865962}