{"duration": 0.00026869773864746094, "input_args": {"graph": "<networkx.classes.graph.Graph object at 0x134797a50>"}, "time": 1732415564.1342049}