{"duration": 0.0016980171203613281, "input_args": {"graph": "<networkx.classes.graph.Graph object at 0x1348a0ad0>"}, "time": 1732415565.045026}