{"duration": 0.0009009838104248047, "input_args": {"graph": "<networkx.classes.graph.Graph object at 0x134716350>"}, "time": 1732415562.034522}