{"duration": 0.00041103363037109375, "input_args": {"graph": "<networkx.classes.graph.Graph object at 0x134717250>"}, "time": 1732415562.120637}