{"duration": 0.001004934310913086, "input_args": {"graph": "<networkx.classes.graph.Graph object at 0x134796250>"}, "time": 1732415563.6411278}