{"duration": 0.0002880096435546875, "input_args": {"graph": "<networkx.classes.graph.Graph object at 0x134714950>"}, "time": 1732415563.374418}