{"duration": 0.00022912025451660156, "input_args": {"graph": "<networkx.classes.graph.Graph object at 0x13456ef50>"}, "time": 1732415561.3993542}