{"duration": 0.00025916099548339844, "input_args": {"graph": "<networkx.classes.graph.Graph object at 0x13481b950>"}, "time": 1732415564.762732}