{"duration": 0.0017590522766113281, "input_args": {"graph": "<networkx.classes.graph.Graph object at 0x13481a150>"}, "time": 1732415563.762957}