{"duration": 0.0007841587066650391, "input_args": {"graph": "<networkx.classes.graph.Graph object at 0x1347979d0>"}, "time": 1732415563.095343}