{"duration": 0.0008072853088378906, "input_args": {"graph": "<networkx.classes.graph.Graph object at 0x1347169d0>"}, "time": 1732415562.537521}