{"duration": 0.0005691051483154297, "input_args": {"graph": "<networkx.classes.graph.Graph object at 0x134818050>"}, "time": 1732415563.8880022}