{"duration": 0.0002257823944091797, "input_args": {"graph": "<networkx.classes.graph.Graph object at 0x13456e9d0>"}, "time": 1732415561.48663}