{"duration": 0.001260995864868164, "input_args": {"graph": "<networkx.classes.graph.Graph object at 0x1347944d0>"}, "time": 1732415563.1412108}