{"duration": 0.0002541542053222656, "input_args": {"graph": "<networkx.classes.graph.Graph object at 0x13481a650>"}, "time": 1732415564.538151}