{"duration": 0.0008759498596191406, "input_args": {"graph": "<networkx.classes.graph.Graph object at 0x13481a7d0>"}, "time": 1732415564.80877}