{"duration": 0.0005881786346435547, "input_args": {"graph": "<networkx.classes.graph.Graph object at 0x134794250>"}, "time": 1732415562.4754822}