{"duration": 0.00037598609924316406, "input_args": {"graph": "<networkx.classes.graph.Graph object at 0x1347160d0>"}, "time": 1732415561.918088}