{"duration": 0.0007300376892089844, "input_args": {"graph": "<networkx.classes.graph.Graph object at 0x134794950>"}, "time": 1732415563.744494}