{"duration": 0.0004820823669433594, "input_args": {"graph": "<networkx.classes.graph.Graph object at 0x13481b350>"}, "time": 1732415564.217922}