{"duration": 0.0004918575286865234, "input_args": {"graph": "<networkx.classes.graph.Graph object at 0x13456d250>"}, "time": 1732415561.8893719}