{"duration": 0.0014338493347167969, "input_args": {"graph": "<networkx.classes.graph.Graph object at 0x134716b50>"}, "time": 1732415561.875783}