{"duration": 0.0005428791046142578, "input_args": {"graph": "<networkx.classes.graph.Graph object at 0x134796dd0>"}, "time": 1732415563.9643068}