{"duration": 0.00024890899658203125, "input_args": {"graph": "<networkx.classes.graph.Graph object at 0x134797d50>"}, "time": 1732415563.644337}