{"duration": 0.0001900196075439453, "input_args": {"graph": "<networkx.classes.graph.Graph object at 0x134716bd0>"}, "time": 1732415562.674479}