{"duration": 0.0005047321319580078, "input_args": {"graph": "<networkx.classes.graph.Graph object at 0x1347979d0>"}, "time": 1732415563.6224158}