{"duration": 0.00019288063049316406, "input_args": {"graph": "<networkx.classes.graph.Graph object at 0x13481bed0>"}, "time": 1732415565.20946}