{"duration": 0.0002467632293701172, "input_args": {"graph": "<networkx.classes.graph.Graph object at 0x13481ba50>"}, "time": 1732415564.66726}