{"duration": 0.0004608631134033203, "input_args": {"graph": "<networkx.classes.graph.Graph object at 0x13456fad0>"}, "time": 1732415561.701207}