{"duration": 0.0002338886260986328, "input_args": {"graph": "<networkx.classes.graph.Graph object at 0x1347972d0>"}, "time": 1732415563.33341}