{"duration": 0.0017483234405517578, "input_args": {"graph": "<networkx.classes.graph.Graph object at 0x1253ff850>"}, "time": 1732415593.5233018}