{"duration": 0.00030493736267089844, "input_args": {"graph": "<networkx.classes.graph.Graph object at 0x134715d50>"}, "time": 1732415562.103018}