{"duration": 0.000247955322265625, "input_args": {"graph": "<networkx.classes.graph.Graph object at 0x13456ec50>"}, "time": 1732415561.842992}