{"duration": 0.00024199485778808594, "input_args": {"graph": "<networkx.classes.graph.Graph object at 0x13456ce50>"}, "time": 1732415563.4235399}