{"duration": 0.0002722740173339844, "input_args": {"graph": "<networkx.classes.graph.Graph object at 0x134794350>"}, "time": 1732415562.696011}