{"duration": 0.00024199485778808594, "input_args": {"graph": "<networkx.classes.graph.Graph object at 0x1348191d0>"}, "time": 1732415564.2369878}