{"duration": 0.0010609626770019531, "input_args": {"graph": "<networkx.classes.graph.Graph object at 0x13481b050>"}, "time": 1732415564.710886}