{"duration": 0.0008509159088134766, "input_args": {"graph": "<networkx.classes.graph.Graph object at 0x1348196d0>"}, "time": 1732415563.707816}