{"duration": 0.0005180835723876953, "input_args": {"graph": "<networkx.classes.graph.Graph object at 0x134715fd0>"}, "time": 1732415561.941071}