{"duration": 0.0004956722259521484, "input_args": {"graph": "<networkx.classes.graph.Graph object at 0x134797d50>"}, "time": 1732415564.0221949}