{"duration": 0.0002410411834716797, "input_args": {"graph": "<networkx.classes.graph.Graph object at 0x13456f6d0>"}, "time": 1732415561.659611}