{"duration": 0.0008389949798583984, "input_args": {"graph": "<networkx.classes.graph.Graph object at 0x13481be50>"}, "time": 1732415564.432342}