{"duration": 0.0009660720825195312, "input_args": {"graph": "<networkx.classes.graph.Graph object at 0x134818550>"}, "time": 1732415563.758094}