{"duration": 0.0002651214599609375, "input_args": {"graph": "<networkx.classes.graph.Graph object at 0x134797850>"}, "time": 1732415563.855489}