{"duration": 0.0005497932434082031, "input_args": {"graph": "<networkx.classes.graph.Graph object at 0x1347951d0>"}, "time": 1732415562.7488089}