{"duration": 0.0006537437438964844, "input_args": {"graph": "<networkx.classes.graph.Graph object at 0x134818850>"}, "time": 1732415563.562109}