{"duration": 0.0011310577392578125, "input_args": {"graph": "<networkx.classes.graph.Graph object at 0x134715350>"}, "time": 1732415562.6108239}