{"duration": 0.0010061264038085938, "input_args": {"graph": "<networkx.classes.graph.Graph object at 0x1348a0bd0>"}, "time": 1732415565.025333}