{"duration": 0.00030684471130371094, "input_args": {"graph": "<networkx.classes.graph.Graph object at 0x134716350>"}, "time": 1732415561.987736}