{"duration": 0.0006229877471923828, "input_args": {"graph": "<networkx.classes.graph.Graph object at 0x13456dd50>"}, "time": 1732415563.055417}