{"duration": 0.00055694580078125, "input_args": {"graph": "<networkx.classes.graph.Graph object at 0x134716350>"}, "time": 1732415562.4295669}