{"duration": 0.00019788742065429688, "input_args": {"graph": "<networkx.classes.graph.Graph object at 0x1344fff50>"}, "time": 1732415562.099688}