{"duration": 0.0005331039428710938, "input_args": {"graph": "<networkx.classes.graph.Graph object at 0x1347960d0>"}, "time": 1732415564.052622}