{"duration": 0.0006659030914306641, "input_args": {"graph": "<networkx.classes.graph.Graph object at 0x1347960d0>"}, "time": 1732415564.342226}