{"duration": 0.016714096069335938, "input_args": {"graph": "<networkx.classes.graph.Graph object at 0x1348a22d0>"}, "time": 1732415565.070512}