{"duration": 0.00035190582275390625, "input_args": {"graph": "<networkx.classes.graph.Graph object at 0x13456ee50>"}, "time": 1732415561.5463529}