{"duration": 0.0008530616760253906, "input_args": {"graph": "<networkx.classes.graph.Graph object at 0x1253fd7d0>"}, "time": 1732415592.929217}