{"duration": 0.0012023448944091797, "input_args": {"graph": "<networkx.classes.graph.Graph object at 0x1347942d0>"}, "time": 1732415562.48135}