{"duration": 0.0012359619140625, "input_args": {"graph": "<networkx.classes.graph.Graph object at 0x134819250>"}, "time": 1732415563.7766862}