{"duration": 0.00024080276489257812, "input_args": {"graph": "<networkx.classes.graph.Graph object at 0x134716a50>"}, "time": 1732415562.861674}