{"duration": 0.0002002716064453125, "input_args": {"graph": "<networkx.classes.graph.Graph object at 0x1347953d0>"}, "time": 1732415564.3051672}