{"duration": 0.0001900196075439453, "input_args": {"graph": "<networkx.classes.graph.Graph object at 0x1347947d0>"}, "time": 1732415563.467168}