{"duration": 0.00067901611328125, "input_args": {"graph": "<networkx.classes.graph.Graph object at 0x13456d550>"}, "time": 1732415561.456479}