{"duration": 0.00023674964904785156, "input_args": {"graph": "<networkx.classes.graph.Graph object at 0x13481a0d0>"}, "time": 1732415563.8818529}