{"duration": 0.00020885467529296875, "input_args": {"graph": "<networkx.classes.graph.Graph object at 0x1347971d0>"}, "time": 1732415564.307904}