{"duration": 0.0002579689025878906, "input_args": {"graph": "<networkx.classes.graph.Graph object at 0x134795bd0>"}, "time": 1732415563.619781}