{"duration": 0.0004417896270751953, "input_args": {"graph": "<networkx.classes.graph.Graph object at 0x1347958d0>"}, "time": 1732415563.001535}