{"duration": 0.00025081634521484375, "input_args": {"graph": "<networkx.classes.graph.Graph object at 0x1347148d0>"}, "time": 1732415561.6924338}