{"duration": 0.0005147457122802734, "input_args": {"graph": "<networkx.classes.graph.Graph object at 0x134714450>"}, "time": 1732415561.778332}