{"duration": 0.00026106834411621094, "input_args": {"graph": "<networkx.classes.graph.Graph object at 0x13481a050>"}, "time": 1732415564.213977}