{"duration": 0.0004699230194091797, "input_args": {"graph": "<networkx.classes.graph.Graph object at 0x134714950>"}, "time": 1732415563.29264}