{"duration": 0.00022220611572265625, "input_args": {"graph": "<networkx.classes.graph.Graph object at 0x13456f950>"}, "time": 1732415562.100208}