{"duration": 0.0005681514739990234, "input_args": {"graph": "<networkx.classes.graph.Graph object at 0x134797ed0>"}, "time": 1732415563.9283662}