{"duration": 0.0002758502960205078, "input_args": {"graph": "<networkx.classes.graph.Graph object at 0x13481ac50>"}, "time": 1732415565.0117362}