{"duration": 0.0006158351898193359, "input_args": {"graph": "<networkx.classes.graph.Graph object at 0x13481bbd0>"}, "time": 1732415564.7694578}