{"duration": 0.0006189346313476562, "input_args": {"graph": "<networkx.classes.graph.Graph object at 0x1348a0dd0>"}, "time": 1732415564.931775}