{"duration": 0.0002498626708984375, "input_args": {"graph": "<networkx.classes.graph.Graph object at 0x13456ff50>"}, "time": 1732415561.590215}