{"duration": 0.0008792877197265625, "input_args": {"graph": "<networkx.classes.graph.Graph object at 0x1347954d0>"}, "time": 1732415562.7457721}