{"duration": 0.001094818115234375, "input_args": {"graph": "<networkx.classes.graph.Graph object at 0x134714150>"}, "time": 1732415562.9885209}