{"duration": 0.0009930133819580078, "input_args": {"graph": "<networkx.classes.graph.Graph object at 0x134714a50>"}, "time": 1732415561.690567}