{"duration": 0.0004928112030029297, "input_args": {"graph": "<networkx.classes.graph.Graph object at 0x1347960d0>"}, "time": 1732415563.6737978}