{"duration": 0.00030684471130371094, "input_args": {"graph": "<networkx.classes.graph.Graph object at 0x13456e3d0>"}, "time": 1732415562.699735}