{"duration": 0.0002162456512451172, "input_args": {"graph": "<networkx.classes.graph.Graph object at 0x1347974d0>"}, "time": 1732415564.2825322}