{"duration": 0.00026988983154296875, "input_args": {"graph": "<networkx.classes.graph.Graph object at 0x13481a7d0>"}, "time": 1732415564.774349}