{"duration": 0.0005249977111816406, "input_args": {"graph": "<networkx.classes.graph.Graph object at 0x134717250>"}, "time": 1732415562.027992}