{"duration": 0.0008878707885742188, "input_args": {"graph": "<networkx.classes.graph.Graph object at 0x134717750>"}, "time": 1732415562.1892018}