{"duration": 0.00034809112548828125, "input_args": {"graph": "<networkx.classes.graph.Graph object at 0x1347944d0>"}, "time": 1732415564.30217}