{"duration": 0.00021386146545410156, "input_args": {"graph": "<networkx.classes.graph.Graph object at 0x134797dd0>"}, "time": 1732415563.502285}