{"duration": 0.0003330707550048828, "input_args": {"graph": "<networkx.classes.graph.Graph object at 0x13481a6d0>"}, "time": 1732415564.820373}