{"duration": 0.0012059211730957031, "input_args": {"graph": "<networkx.classes.graph.Graph object at 0x1347161d0>"}, "time": 1732415562.015475}