{"duration": 0.0007457733154296875, "input_args": {"graph": "<networkx.classes.graph.Graph object at 0x13456ecd0>"}, "time": 1732415562.8076868}