{"duration": 0.0002639293670654297, "input_args": {"graph": "<networkx.classes.graph.Graph object at 0x13456d550>"}, "time": 1732415561.695869}