{"duration": 0.0005199909210205078, "input_args": {"graph": "<networkx.classes.graph.Graph object at 0x13481ba50>"}, "time": 1732415564.78816}