{"duration": 0.0012569427490234375, "input_args": {"graph": "<networkx.classes.graph.Graph object at 0x1347971d0>"}, "time": 1732415563.742103}