{"duration": 0.0003647804260253906, "input_args": {"graph": "<networkx.classes.graph.Graph object at 0x134819cd0>"}, "time": 1732415563.7401779}