{"duration": 0.0005059242248535156, "input_args": {"graph": "<networkx.classes.graph.Graph object at 0x134715950>"}, "time": 1732415561.980457}