{"duration": 0.0007061958312988281, "input_args": {"graph": "<networkx.classes.graph.Graph object at 0x13481a250>"}, "time": 1732415564.7136462}