{"duration": 0.0002796649932861328, "input_args": {"graph": "<networkx.classes.graph.Graph object at 0x13456ea50>"}, "time": 1732415561.8643148}