{"duration": 0.0011749267578125, "input_args": {"graph": "<networkx.classes.graph.Graph object at 0x134797450>"}, "time": 1732415563.116833}