{"duration": 0.0007579326629638672, "input_args": {"graph": "<networkx.classes.graph.Graph object at 0x1347163d0>"}, "time": 1732415562.310099}