{"duration": 0.000492095947265625, "input_args": {"graph": "<networkx.classes.graph.Graph object at 0x134818550>"}, "time": 1732415564.790231}