{"duration": 0.00022983551025390625, "input_args": {"graph": "<networkx.classes.graph.Graph object at 0x13481ae50>"}, "time": 1732415564.364029}