{"duration": 0.0013499259948730469, "input_args": {"graph": "<networkx.classes.graph.Graph object at 0x1255a5550>"}, "time": 1732415594.009996}