{"duration": 0.0001819133758544922, "input_args": {"graph": "<networkx.classes.graph.Graph object at 0x134717ed0>"}, "time": 1732415562.690073}