{"duration": 0.0005381107330322266, "input_args": {"graph": "<networkx.classes.graph.Graph object at 0x13481a5d0>"}, "time": 1732415563.972642}