{"duration": 0.0016868114471435547, "input_args": {"graph": "<networkx.classes.graph.Graph object at 0x1348a1050>"}, "time": 1732415564.644091}