{"duration": 0.0012350082397460938, "input_args": {"graph": "<networkx.classes.graph.Graph object at 0x1348a14d0>"}, "time": 1732415564.719334}