{"duration": 0.0005366802215576172, "input_args": {"graph": "<networkx.classes.graph.Graph object at 0x134794dd0>"}, "time": 1732415562.8509948}