{"duration": 0.0009360313415527344, "input_args": {"graph": "<networkx.classes.graph.Graph object at 0x13456dd50>"}, "time": 1732415562.9708061}