{"duration": 0.0008900165557861328, "input_args": {"graph": "<networkx.classes.graph.Graph object at 0x1347958d0>"}, "time": 1732415562.6208231}