{"duration": 0.0004379749298095703, "input_args": {"graph": "<networkx.classes.graph.Graph object at 0x1347143d0>"}, "time": 1732415562.498879}