{"duration": 0.0004458427429199219, "input_args": {"graph": "<networkx.classes.graph.Graph object at 0x13456f050>"}, "time": 1732415561.59475}