{"duration": 0.0002319812774658203, "input_args": {"graph": "<networkx.classes.graph.Graph object at 0x134715150>"}, "time": 1732415561.766061}