{"duration": 0.00023317337036132812, "input_args": {"graph": "<networkx.classes.graph.Graph object at 0x1347969d0>"}, "time": 1732415564.27674}