{"duration": 0.0001971721649169922, "input_args": {"graph": "<networkx.classes.graph.Graph object at 0x13456fa50>"}, "time": 1732415561.682084}