{"duration": 0.00029587745666503906, "input_args": {"graph": "<networkx.classes.graph.Graph object at 0x134819a50>"}, "time": 1732415564.410688}