{"duration": 0.0007259845733642578, "input_args": {"graph": "<networkx.classes.graph.Graph object at 0x13456fad0>"}, "time": 1732415561.593904}