{"duration": 0.0007910728454589844, "input_args": {"graph": "<networkx.classes.graph.Graph object at 0x134795450>"}, "time": 1732415563.193202}