{"duration": 0.0004918575286865234, "input_args": {"graph": "<networkx.classes.graph.Graph object at 0x134818c50>"}, "time": 1732415564.106128}