{"duration": 0.0002770423889160156, "input_args": {"graph": "<networkx.classes.graph.Graph object at 0x13456eed0>"}, "time": 1732415561.8353071}