{"duration": 0.0002498626708984375, "input_args": {"graph": "<networkx.classes.graph.Graph object at 0x1348193d0>"}, "time": 1732415563.8692238}