{"duration": 0.00048613548278808594, "input_args": {"graph": "<networkx.classes.graph.Graph object at 0x1347143d0>"}, "time": 1732415561.450871}