{"duration": 0.0002868175506591797, "input_args": {"graph": "<networkx.classes.graph.Graph object at 0x13456ebd0>"}, "time": 1732415561.5919008}