{"duration": 0.0007791519165039062, "input_args": {"graph": "<networkx.classes.graph.Graph object at 0x1347960d0>"}, "time": 1732415562.891144}