{"duration": 0.0003037452697753906, "input_args": {"graph": "<networkx.classes.graph.Graph object at 0x134716cd0>"}, "time": 1732415562.5564458}