{"duration": 0.00021982192993164062, "input_args": {"graph": "<networkx.classes.graph.Graph object at 0x13481a150>"}, "time": 1732415563.865002}