{"duration": 0.0011119842529296875, "input_args": {"graph": "<networkx.classes.graph.Graph object at 0x1347964d0>"}, "time": 1732415562.978334}