{"duration": 0.0005450248718261719, "input_args": {"graph": "<networkx.classes.graph.Graph object at 0x134797d50>"}, "time": 1732415564.571188}