{"duration": 0.00023794174194335938, "input_args": {"graph": "<networkx.classes.graph.Graph object at 0x1348185d0>"}, "time": 1732415563.880517}