{"duration": 0.001363992691040039, "input_args": {"graph": "<networkx.classes.graph.Graph object at 0x13481b3d0>"}, "time": 1732415564.5502641}