{"duration": 0.0001919269561767578, "input_args": {"graph": "<networkx.classes.graph.Graph object at 0x1347157d0>"}, "time": 1732415562.095168}