{"duration": 0.0010650157928466797, "input_args": {"graph": "<networkx.classes.graph.Graph object at 0x13481a7d0>"}, "time": 1732415565.111861}