{"duration": 0.0001971721649169922, "input_args": {"graph": "<networkx.classes.graph.Graph object at 0x134715050>"}, "time": 1732415562.6690361}