{"duration": 0.0005600452423095703, "input_args": {"graph": "<networkx.classes.graph.Graph object at 0x134796dd0>"}, "time": 1732415564.472047}