{"duration": 0.0004448890686035156, "input_args": {"graph": "<networkx.classes.graph.Graph object at 0x13456f150>"}, "time": 1732415561.4574158}