{"duration": 0.0005071163177490234, "input_args": {"graph": "<networkx.classes.graph.Graph object at 0x134716350>"}, "time": 1732415561.885925}