{"duration": 0.0005259513854980469, "input_args": {"graph": "<networkx.classes.graph.Graph object at 0x134794650>"}, "time": 1732415562.406416}