{"duration": 0.0002841949462890625, "input_args": {"graph": "<networkx.classes.graph.Graph object at 0x13456c9d0>"}, "time": 1732415563.2842681}