{"duration": 0.0004851818084716797, "input_args": {"graph": "<networkx.classes.graph.Graph object at 0x134716150>"}, "time": 1732415562.1408992}