{"duration": 0.0010528564453125, "input_args": {"graph": "<networkx.classes.graph.Graph object at 0x13456c8d0>"}, "time": 1732415563.3108978}