{"duration": 0.00020384788513183594, "input_args": {"graph": "<networkx.classes.graph.Graph object at 0x1347146d0>"}, "time": 1732415562.680177}