{"duration": 0.0010941028594970703, "input_args": {"graph": "<networkx.classes.graph.Graph object at 0x1347143d0>"}, "time": 1732415562.347852}