{"duration": 0.0004832744598388672, "input_args": {"graph": "<networkx.classes.graph.Graph object at 0x1347960d0>"}, "time": 1732415564.0018811}