{"duration": 0.0010156631469726562, "input_args": {"graph": "<networkx.classes.graph.Graph object at 0x134715950>"}, "time": 1732415562.8283799}