{"duration": 0.00021886825561523438, "input_args": {"graph": "<networkx.classes.graph.Graph object at 0x13456ead0>"}, "time": 1732415561.518774}