{"duration": 0.0007259845733642578, "input_args": {"graph": "<networkx.classes.graph.Graph object at 0x134794050>"}, "time": 1732415562.457637}