{"duration": 0.0008108615875244141, "input_args": {"graph": "<networkx.classes.graph.Graph object at 0x13456dd50>"}, "time": 1732415563.422454}