{"duration": 0.0008149147033691406, "input_args": {"graph": "<networkx.classes.graph.Graph object at 0x134717a50>"}, "time": 1732415562.447485}