{"duration": 0.0007669925689697266, "input_args": {"graph": "<networkx.classes.graph.Graph object at 0x1347966d0>"}, "time": 1732415563.04789}