{"duration": 0.00023412704467773438, "input_args": {"graph": "<networkx.classes.graph.Graph object at 0x134818a50>"}, "time": 1732415563.994834}