{"duration": 0.0005478858947753906, "input_args": {"graph": "<networkx.classes.graph.Graph object at 0x13456fbd0>"}, "time": 1732415561.50557}