{"duration": 0.0008740425109863281, "input_args": {"graph": "<networkx.classes.graph.Graph object at 0x13456ded0>"}, "time": 1732415561.730453}