{"duration": 0.001567840576171875, "input_args": {"graph": "<networkx.classes.graph.Graph object at 0x1344ffb50>"}, "time": 1732415562.729532}