{"duration": 0.0012390613555908203, "input_args": {"graph": "<networkx.classes.graph.Graph object at 0x1348197d0>"}, "time": 1732415564.378195}