{"duration": 0.000431060791015625, "input_args": {"graph": "<networkx.classes.graph.Graph object at 0x134796050>"}, "time": 1732415563.259925}