{"duration": 0.000209808349609375, "input_args": {"graph": "<networkx.classes.graph.Graph object at 0x134794bd0>"}, "time": 1732415563.4695969}