{"duration": 0.0002532005310058594, "input_args": {"graph": "<networkx.classes.graph.Graph object at 0x134819750>"}, "time": 1732415563.812441}