{"duration": 0.0003719329833984375, "input_args": {"graph": "<networkx.classes.graph.Graph object at 0x1208ff6d0>"}, "time": 1732415572.638346}