{"duration": 0.0005030632019042969, "input_args": {"graph": "<networkx.classes.graph.Graph object at 0x13456e550>"}, "time": 1732415562.889729}