{"duration": 0.0014281272888183594, "input_args": {"graph": "<networkx.classes.graph.Graph object at 0x134818fd0>"}, "time": 1732415563.719279}