{"duration": 0.0002048015594482422, "input_args": {"graph": "<networkx.classes.graph.Graph object at 0x134819850>"}, "time": 1732415564.880189}