{"duration": 0.0006089210510253906, "input_args": {"graph": "<networkx.classes.graph.Graph object at 0x13481a550>"}, "time": 1732415563.8473248}