{"duration": 0.0008528232574462891, "input_args": {"graph": "<networkx.classes.graph.Graph object at 0x1347148d0>"}, "time": 1732415562.464797}