{"duration": 0.00022077560424804688, "input_args": {"graph": "<networkx.classes.graph.Graph object at 0x134794950>"}, "time": 1732415564.325069}