{"duration": 0.0005867481231689453, "input_args": {"graph": "<networkx.classes.graph.Graph object at 0x1348190d0>"}, "time": 1732415563.6363049}