{"duration": 0.0005340576171875, "input_args": {"graph": "<networkx.classes.graph.Graph object at 0x1347146d0>"}, "time": 1732415561.940143}