{"duration": 0.0007801055908203125, "input_args": {"graph": "<networkx.classes.graph.Graph object at 0x134794cd0>"}, "time": 1732415562.461065}