{"duration": 0.0007898807525634766, "input_args": {"graph": "<networkx.classes.graph.Graph object at 0x134797cd0>"}, "time": 1732415563.9468942}