{"duration": 0.0008230209350585938, "input_args": {"graph": "<networkx.classes.graph.Graph object at 0x1348197d0>"}, "time": 1732415564.14588}