{"duration": 0.0007920265197753906, "input_args": {"graph": "<networkx.classes.graph.Graph object at 0x13456c550>"}, "time": 1732415562.703944}