{"duration": 0.0002052783966064453, "input_args": {"graph": "<networkx.classes.graph.Graph object at 0x134796150>"}, "time": 1732415563.501225}