{"duration": 0.00018906593322753906, "input_args": {"graph": "<networkx.classes.graph.Graph object at 0x134717450>"}, "time": 1732415564.290425}