{"duration": 0.0002129077911376953, "input_args": {"graph": "<networkx.classes.graph.Graph object at 0x1347146d0>"}, "time": 1732415562.268495}