{"duration": 0.0005650520324707031, "input_args": {"graph": "<networkx.classes.graph.Graph object at 0x13481ac50>"}, "time": 1732415564.506092}