{"duration": 0.0005710124969482422, "input_args": {"graph": "<networkx.classes.graph.Graph object at 0x13456fed0>"}, "time": 1732415561.502509}