{"duration": 0.0002982616424560547, "input_args": {"graph": "<networkx.classes.graph.Graph object at 0x134717cd0>"}, "time": 1732415562.3045068}