{"duration": 0.0007359981536865234, "input_args": {"graph": "<networkx.classes.graph.Graph object at 0x13481b650>"}, "time": 1732415564.205885}