{"duration": 0.0016279220581054688, "input_args": {"graph": "<networkx.classes.graph.Graph object at 0x1348a10d0>"}, "time": 1732415564.858145}