{"duration": 0.0009961128234863281, "input_args": {"graph": "<networkx.classes.graph.Graph object at 0x13456f9d0>"}, "time": 1732415562.543435}