{"duration": 0.0005619525909423828, "input_args": {"graph": "<networkx.classes.graph.Graph object at 0x1348187d0>"}, "time": 1732415564.151347}