{"duration": 0.0008602142333984375, "input_args": {"graph": "<networkx.classes.graph.Graph object at 0x1348a0cd0>"}, "time": 1732415565.148272}