{"duration": 0.0002040863037109375, "input_args": {"graph": "<networkx.classes.graph.Graph object at 0x134715bd0>"}, "time": 1732415562.088164}