{"duration": 0.0011026859283447266, "input_args": {"graph": "<networkx.classes.graph.Graph object at 0x13456c550>"}, "time": 1732415562.589203}