{"duration": 0.0004858970642089844, "input_args": {"graph": "<networkx.classes.graph.Graph object at 0x1347956d0>"}, "time": 1732415562.530987}