{"duration": 0.0013682842254638672, "input_args": {"graph": "<networkx.classes.graph.Graph object at 0x134715250>"}, "time": 1732415562.2678242}