{"duration": 0.00044608116149902344, "input_args": {"graph": "<networkx.classes.graph.Graph object at 0x13456fe50>"}, "time": 1732415561.733958}