{"duration": 0.0003237724304199219, "input_args": {"graph": "<networkx.classes.graph.Graph object at 0x134717150>"}, "time": 1732415562.174142}