{"duration": 0.00023484230041503906, "input_args": {"graph": "<networkx.classes.graph.Graph object at 0x1347165d0>"}, "time": 1732415562.042084}