{"duration": 0.0003178119659423828, "input_args": {"graph": "<networkx.classes.graph.Graph object at 0x1348a1ed0>"}, "time": 1732415565.1787882}