{"duration": 0.0007650852203369141, "input_args": {"graph": "<networkx.classes.graph.Graph object at 0x12099bdd0>"}, "time": 1732415571.613389}