{"duration": 0.000576019287109375, "input_args": {"graph": "<networkx.classes.graph.Graph object at 0x13456d6d0>"}, "time": 1732415562.635155}