{"duration": 0.0006577968597412109, "input_args": {"graph": "<networkx.classes.graph.Graph object at 0x13456ead0>"}, "time": 1732415561.878699}