{"duration": 0.00026106834411621094, "input_args": {"graph": "<networkx.classes.graph.Graph object at 0x13456ddd0>"}, "time": 1732415561.600843}