{"duration": 0.0007760524749755859, "input_args": {"graph": "<networkx.classes.graph.Graph object at 0x134716150>"}, "time": 1732415561.891676}