{"duration": 0.00021314620971679688, "input_args": {"graph": "<networkx.classes.graph.Graph object at 0x13481b950>"}, "time": 1732415565.133398}