{"duration": 0.00028014183044433594, "input_args": {"graph": "<networkx.classes.graph.Graph object at 0x13456c9d0>"}, "time": 1732415562.760493}