{"duration": 0.00024700164794921875, "input_args": {"graph": "<networkx.classes.graph.Graph object at 0x134716ad0>"}, "time": 1732415562.030541}