{"duration": 0.0010411739349365234, "input_args": {"graph": "<networkx.classes.graph.Graph object at 0x13481b450>"}, "time": 1732415565.034529}