{"duration": 0.0010747909545898438, "input_args": {"graph": "<networkx.classes.graph.Graph object at 0x134818c50>"}, "time": 1732415564.011677}