{"duration": 0.0006110668182373047, "input_args": {"graph": "<networkx.classes.graph.Graph object at 0x134794ad0>"}, "time": 1732415564.3667572}