{"duration": 0.00025081634521484375, "input_args": {"graph": "<networkx.classes.graph.Graph object at 0x134795550>"}, "time": 1732415563.483572}