{"duration": 0.0002009868621826172, "input_args": {"graph": "<networkx.classes.graph.Graph object at 0x1208fc050>"}, "time": 1732415571.8776891}