{"duration": 0.0005238056182861328, "input_args": {"graph": "<networkx.classes.graph.Graph object at 0x1347152d0>"}, "time": 1732415561.723121}