{"duration": 0.001313924789428711, "input_args": {"graph": "<networkx.classes.graph.Graph object at 0x1348193d0>"}, "time": 1732415563.654167}