{"duration": 0.0005309581756591797, "input_args": {"graph": "<networkx.classes.graph.Graph object at 0x1347167d0>"}, "time": 1732415563.0742478}