{"duration": 0.00023698806762695312, "input_args": {"graph": "<networkx.classes.graph.Graph object at 0x134717550>"}, "time": 1732415562.5628421}