{"duration": 0.0002701282501220703, "input_args": {"graph": "<networkx.classes.graph.Graph object at 0x134715850>"}, "time": 1732415562.247245}