{"duration": 0.00033283233642578125, "input_args": {"graph": "<networkx.classes.graph.Graph object at 0x1348185d0>"}, "time": 1732415564.445212}