{"duration": 0.00019288063049316406, "input_args": {"graph": "<networkx.classes.graph.Graph object at 0x1347172d0>"}, "time": 1732415562.0601559}