{"duration": 0.0010488033294677734, "input_args": {"graph": "<networkx.classes.graph.Graph object at 0x134794950>"}, "time": 1732415563.805938}