{"duration": 0.0006871223449707031, "input_args": {"graph": "<networkx.classes.graph.Graph object at 0x134818cd0>"}, "time": 1732415563.5594182}