{"duration": 0.0002579689025878906, "input_args": {"graph": "<networkx.classes.graph.Graph object at 0x134797dd0>"}, "time": 1732415563.408841}