{"duration": 0.0010752677917480469, "input_args": {"graph": "<networkx.classes.graph.Graph object at 0x134797750>"}, "time": 1732415563.396687}