{"duration": 0.0008988380432128906, "input_args": {"graph": "<networkx.classes.graph.Graph object at 0x134818950>"}, "time": 1732415564.997928}