{"duration": 0.0004990100860595703, "input_args": {"graph": "<networkx.classes.graph.Graph object at 0x13456e3d0>"}, "time": 1732415562.627317}