{"duration": 0.0002601146697998047, "input_args": {"graph": "<networkx.classes.graph.Graph object at 0x134797650>"}, "time": 1732415563.009251}