{"duration": 0.0008401870727539062, "input_args": {"graph": "<networkx.classes.graph.Graph object at 0x1348a0950>"}, "time": 1732415564.664646}