{"duration": 0.0006957054138183594, "input_args": {"graph": "<networkx.classes.graph.Graph object at 0x134796fd0>"}, "time": 1732415563.3896809}