{"duration": 0.0007619857788085938, "input_args": {"graph": "<networkx.classes.graph.Graph object at 0x1348a03d0>"}, "time": 1732415564.4752882}