{"duration": 0.0002052783966064453, "input_args": {"graph": "<networkx.classes.graph.Graph object at 0x13481bcd0>"}, "time": 1732415565.1165981}