{"duration": 0.0005137920379638672, "input_args": {"graph": "<networkx.classes.graph.Graph object at 0x1348181d0>"}, "time": 1732415563.827633}