{"duration": 0.0006000995635986328, "input_args": {"graph": "<networkx.classes.graph.Graph object at 0x134797ed0>"}, "time": 1732415563.845161}