{"duration": 0.00038909912109375, "input_args": {"graph": "<networkx.classes.graph.Graph object at 0x134715450>"}, "time": 1732415561.6335611}