{"duration": 0.0002071857452392578, "input_args": {"graph": "<networkx.classes.graph.Graph object at 0x134714750>"}, "time": 1732415562.097211}