{"duration": 0.0001990795135498047, "input_args": {"graph": "<networkx.classes.graph.Graph object at 0x1348191d0>"}, "time": 1732415564.882703}