{"duration": 0.0004992485046386719, "input_args": {"graph": "<networkx.classes.graph.Graph object at 0x13456d050>"}, "time": 1732415562.915332}