{"duration": 0.0005130767822265625, "input_args": {"graph": "<networkx.classes.graph.Graph object at 0x134796fd0>"}, "time": 1732415563.574788}