{"duration": 0.00028586387634277344, "input_args": {"graph": "<networkx.classes.graph.Graph object at 0x134818550>"}, "time": 1732415563.887043}