{"duration": 0.001068115234375, "input_args": {"graph": "<networkx.classes.graph.Graph object at 0x1347968d0>"}, "time": 1732415563.8238342}