{"duration": 0.0002701282501220703, "input_args": {"graph": "<networkx.classes.graph.Graph object at 0x13456fdd0>"}, "time": 1732415561.545665}