{"duration": 0.00024890899658203125, "input_args": {"graph": "<networkx.classes.graph.Graph object at 0x134715350>"}, "time": 1732415561.8643332}