{"duration": 0.0007500648498535156, "input_args": {"graph": "<networkx.classes.graph.Graph object at 0x134714350>"}, "time": 1732415562.467448}