{"duration": 0.0008089542388916016, "input_args": {"graph": "<networkx.classes.graph.Graph object at 0x134797f50>"}, "time": 1732415563.6337962}