{"duration": 0.0006361007690429688, "input_args": {"graph": "<networkx.classes.graph.Graph object at 0x13456f6d0>"}, "time": 1732415561.4988842}