{"duration": 0.0011987686157226562, "input_args": {"graph": "<networkx.classes.graph.Graph object at 0x134818bd0>"}, "time": 1732415563.750547}