{"duration": 0.0005240440368652344, "input_args": {"graph": "<networkx.classes.graph.Graph object at 0x134794cd0>"}, "time": 1732415562.853832}