{"duration": 0.0005090236663818359, "input_args": {"graph": "<networkx.classes.graph.Graph object at 0x134797d50>"}, "time": 1732415564.33174}