{"duration": 0.0002810955047607422, "input_args": {"graph": "<networkx.classes.graph.Graph object at 0x134795050>"}, "time": 1732415562.749866}