{"duration": 0.00022983551025390625, "input_args": {"graph": "<networkx.classes.graph.Graph object at 0x13456f250>"}, "time": 1732415561.599892}