{"duration": 0.0002269744873046875, "input_args": {"graph": "<networkx.classes.graph.Graph object at 0x13456fd50>"}, "time": 1732415562.125911}