{"duration": 0.0001971721649169922, "input_args": {"graph": "<networkx.classes.graph.Graph object at 0x134819150>"}, "time": 1732415564.88171}