{"duration": 0.0004830360412597656, "input_args": {"graph": "<networkx.classes.graph.Graph object at 0x1347154d0>"}, "time": 1732415562.11888}