{"duration": 0.0007429122924804688, "input_args": {"graph": "<networkx.classes.graph.Graph object at 0x1347969d0>"}, "time": 1732415563.35422}