{"duration": 0.000415802001953125, "input_args": {"graph": "<networkx.classes.graph.Graph object at 0x134716350>"}, "time": 1732415562.377147}