{"duration": 0.00025773048400878906, "input_args": {"graph": "<networkx.classes.graph.Graph object at 0x13456e8d0>"}, "time": 1732415561.898705}