{"duration": 0.00025010108947753906, "input_args": {"graph": "<networkx.classes.graph.Graph object at 0x134819350>"}, "time": 1732415564.1784241}