{"duration": 0.0005018711090087891, "input_args": {"graph": "<networkx.classes.graph.Graph object at 0x13481a850>"}, "time": 1732415563.904366}