{"duration": 0.0005018711090087891, "input_args": {"graph": "<networkx.classes.graph.Graph object at 0x134716fd0>"}, "time": 1732415562.195562}