{"duration": 0.0008111000061035156, "input_args": {"graph": "<networkx.classes.graph.Graph object at 0x125495f50>"}, "time": 1732415592.930767}