{"duration": 0.0002338886260986328, "input_args": {"graph": "<networkx.classes.graph.Graph object at 0x13456f8d0>"}, "time": 1732415561.585252}