{"duration": 0.0006508827209472656, "input_args": {"graph": "<networkx.classes.graph.Graph object at 0x1348a06d0>"}, "time": 1732415564.853413}