{"duration": 0.00021195411682128906, "input_args": {"graph": "<networkx.classes.graph.Graph object at 0x13456ecd0>"}, "time": 1732415561.526185}