{"duration": 0.0005631446838378906, "input_args": {"graph": "<networkx.classes.graph.Graph object at 0x134715150>"}, "time": 1732415561.619951}