{"duration": 0.0004367828369140625, "input_args": {"graph": "<networkx.classes.graph.Graph object at 0x1344fefd0>"}, "time": 1732415561.496929}