{"duration": 0.0008330345153808594, "input_args": {"graph": "<networkx.classes.graph.Graph object at 0x134796ed0>"}, "time": 1732415563.70911}