{"duration": 0.000263214111328125, "input_args": {"graph": "<networkx.classes.graph.Graph object at 0x1348a22d0>"}, "time": 1732415565.096677}