{"duration": 0.00025200843811035156, "input_args": {"graph": "<networkx.classes.graph.Graph object at 0x134795b50>"}, "time": 1732415562.760511}