{"duration": 0.0002181529998779297, "input_args": {"graph": "<networkx.classes.graph.Graph object at 0x13456e8d0>"}, "time": 1732415562.0961752}