{"duration": 0.00024890899658203125, "input_args": {"graph": "<networkx.classes.graph.Graph object at 0x13456e5d0>"}, "time": 1732415561.696794}