{"duration": 0.00023102760314941406, "input_args": {"graph": "<networkx.classes.graph.Graph object at 0x134819bd0>"}, "time": 1732415564.543936}