{"duration": 0.0008950233459472656, "input_args": {"graph": "<networkx.classes.graph.Graph object at 0x13481a6d0>"}, "time": 1732415564.055996}