{"duration": 0.001132965087890625, "input_args": {"graph": "<networkx.classes.graph.Graph object at 0x134797750>"}, "time": 1732415563.208586}