{"duration": 0.00025010108947753906, "input_args": {"graph": "<networkx.classes.graph.Graph object at 0x134797350>"}, "time": 1732415563.760225}