{"duration": 0.00022721290588378906, "input_args": {"graph": "<networkx.classes.graph.Graph object at 0x134715f50>"}, "time": 1732415562.669557}