{"duration": 0.00027298927307128906, "input_args": {"graph": "<networkx.classes.graph.Graph object at 0x1208fef50>"}, "time": 1732415572.639731}