{"duration": 0.0002162456512451172, "input_args": {"graph": "<networkx.classes.graph.Graph object at 0x13456c250>"}, "time": 1732415563.460181}