{"duration": 0.0002899169921875, "input_args": {"graph": "<networkx.classes.graph.Graph object at 0x134715050>"}, "time": 1732415561.910181}