{"duration": 0.00022792816162109375, "input_args": {"graph": "<networkx.classes.graph.Graph object at 0x134717350>"}, "time": 1732415562.410055}