{"duration": 0.0005419254302978516, "input_args": {"graph": "<networkx.classes.graph.Graph object at 0x134819050>"}, "time": 1732415563.683164}