{"duration": 0.0006699562072753906, "input_args": {"graph": "<networkx.classes.graph.Graph object at 0x134819450>"}, "time": 1732415564.908988}