{"duration": 0.0008273124694824219, "input_args": {"graph": "<networkx.classes.graph.Graph object at 0x134818bd0>"}, "time": 1732415564.3681211}