{"duration": 0.0006489753723144531, "input_args": {"graph": "<networkx.classes.graph.Graph object at 0x134819dd0>"}, "time": 1732415564.099463}