{"duration": 0.0006351470947265625, "input_args": {"graph": "<networkx.classes.graph.Graph object at 0x1348a0450>"}, "time": 1732415564.580943}