{"duration": 0.00021791458129882812, "input_args": {"graph": "<networkx.classes.graph.Graph object at 0x1348a06d0>"}, "time": 1732415564.966996}