{"duration": 0.0012400150299072266, "input_args": {"graph": "<networkx.classes.graph.Graph object at 0x1347167d0>"}, "time": 1732415563.093836}