{"duration": 0.00023818016052246094, "input_args": {"graph": "<networkx.classes.graph.Graph object at 0x13456ead0>"}, "time": 1732415562.026241}