{"duration": 0.0007901191711425781, "input_args": {"graph": "<networkx.classes.graph.Graph object at 0x13456f9d0>"}, "time": 1732415562.502038}