{"duration": 0.0003809928894042969, "input_args": {"graph": "<networkx.classes.graph.Graph object at 0x134796dd0>"}, "time": 1732415564.191593}