{"duration": 0.00025773048400878906, "input_args": {"graph": "<networkx.classes.graph.Graph object at 0x134819bd0>"}, "time": 1732415564.8941078}