{"duration": 0.0002510547637939453, "input_args": {"graph": "<networkx.classes.graph.Graph object at 0x134797150>"}, "time": 1732415563.589047}