{"duration": 0.0001919269561767578, "input_args": {"graph": "<networkx.classes.graph.Graph object at 0x120a9cdd0>"}, "time": 1732415572.361919}