{"duration": 0.0002760887145996094, "input_args": {"graph": "<networkx.classes.graph.Graph object at 0x134818dd0>"}, "time": 1732415563.847441}