{"duration": 0.0002796649932861328, "input_args": {"graph": "<networkx.classes.graph.Graph object at 0x1347940d0>"}, "time": 1732415563.4529028}