{"duration": 0.0005660057067871094, "input_args": {"graph": "<networkx.classes.graph.Graph object at 0x134818bd0>"}, "time": 1732415563.777652}