{"duration": 0.0008580684661865234, "input_args": {"graph": "<networkx.classes.graph.Graph object at 0x134797f50>"}, "time": 1732415563.348908}