{"duration": 0.0005099773406982422, "input_args": {"graph": "<networkx.classes.graph.Graph object at 0x134818cd0>"}, "time": 1732415564.74854}