{"duration": 0.0006899833679199219, "input_args": {"graph": "<networkx.classes.graph.Graph object at 0x134818b50>"}, "time": 1732415564.477932}