{"duration": 0.0003228187561035156, "input_args": {"graph": "<networkx.classes.graph.Graph object at 0x134717e50>"}, "time": 1732415563.0372758}