{"duration": 0.00022101402282714844, "input_args": {"graph": "<networkx.classes.graph.Graph object at 0x1348a1450>"}, "time": 1732415564.704278}