{"duration": 0.0006079673767089844, "input_args": {"graph": "<networkx.classes.graph.Graph object at 0x134797b50>"}, "time": 1732415563.189281}