{"duration": 0.0007243156433105469, "input_args": {"graph": "<networkx.classes.graph.Graph object at 0x1347967d0>"}, "time": 1732415563.5073972}