{"duration": 0.0004949569702148438, "input_args": {"graph": "<networkx.classes.graph.Graph object at 0x1208ff6d0>"}, "time": 1732415572.2947688}