{"duration": 0.00022792816162109375, "input_args": {"graph": "<networkx.classes.graph.Graph object at 0x13481a250>"}, "time": 1732415564.473094}