{"duration": 0.0003402233123779297, "input_args": {"graph": "<networkx.classes.graph.Graph object at 0x13456d450>"}, "time": 1732415561.526075}