{"duration": 0.00047898292541503906, "input_args": {"graph": "<networkx.classes.graph.Graph object at 0x134794f50>"}, "time": 1732415563.000206}