{"duration": 0.0007300376892089844, "input_args": {"graph": "<networkx.classes.graph.Graph object at 0x1347153d0>"}, "time": 1732415562.151277}