{"duration": 0.0002598762512207031, "input_args": {"graph": "<networkx.classes.graph.Graph object at 0x13481b050>"}, "time": 1732415564.73909}