{"duration": 0.0009667873382568359, "input_args": {"graph": "<networkx.classes.graph.Graph object at 0x1348a0550>"}, "time": 1732415564.456054}