{"duration": 0.0005168914794921875, "input_args": {"graph": "<networkx.classes.graph.Graph object at 0x1347948d0>"}, "time": 1732415563.216765}