{"duration": 0.0009870529174804688, "input_args": {"graph": "<networkx.classes.graph.Graph object at 0x134714550>"}, "time": 1732415562.340112}