{"duration": 0.0007839202880859375, "input_args": {"graph": "<networkx.classes.graph.Graph object at 0x134794250>"}, "time": 1732415563.475456}