{"duration": 0.00131988525390625, "input_args": {"graph": "<networkx.classes.graph.Graph object at 0x13456c250>"}, "time": 1732415562.726658}