{"duration": 0.00033402442932128906, "input_args": {"graph": "<networkx.classes.graph.Graph object at 0x13481b150>"}, "time": 1732415564.351375}