{"duration": 0.0005438327789306641, "input_args": {"graph": "<networkx.classes.graph.Graph object at 0x13481a450>"}, "time": 1732415564.36935}