{"duration": 0.0005018711090087891, "input_args": {"graph": "<networkx.classes.graph.Graph object at 0x1347956d0>"}, "time": 1732415563.732139}