{"duration": 0.00029087066650390625, "input_args": {"graph": "<networkx.classes.graph.Graph object at 0x13456f9d0>"}, "time": 1732415562.424531}