{"duration": 0.0002658367156982422, "input_args": {"graph": "<networkx.classes.graph.Graph object at 0x134819b50>"}, "time": 1732415563.885026}