{"duration": 0.0012137889862060547, "input_args": {"graph": "<networkx.classes.graph.Graph object at 0x13481a550>"}, "time": 1732415563.794571}