{"duration": 0.0010988712310791016, "input_args": {"graph": "<networkx.classes.graph.Graph object at 0x134819250>"}, "time": 1732415563.915479}