{"duration": 0.00020575523376464844, "input_args": {"graph": "<networkx.classes.graph.Graph object at 0x1344ee8b0>"}, "time": 1732415561.3654568}