{"duration": 0.0008299350738525391, "input_args": {"graph": "<networkx.classes.graph.Graph object at 0x134796cd0>"}, "time": 1732415563.15584}