{"duration": 0.0010480880737304688, "input_args": {"graph": "<networkx.classes.graph.Graph object at 0x1348a0050>"}, "time": 1732415565.023471}