{"duration": 0.0008549690246582031, "input_args": {"graph": "<networkx.classes.graph.Graph object at 0x134794ad0>"}, "time": 1732415562.301901}