{"duration": 0.0004451274871826172, "input_args": {"graph": "<networkx.classes.graph.Graph object at 0x134796b50>"}, "time": 1732415563.238797}