{"duration": 0.00023317337036132812, "input_args": {"graph": "<networkx.classes.graph.Graph object at 0x13456fa50>"}, "time": 1732415561.634634}