{"duration": 0.00031685829162597656, "input_args": {"graph": "<networkx.classes.graph.Graph object at 0x134796ad0>"}, "time": 1732415563.049084}