{"duration": 0.00023412704467773438, "input_args": {"graph": "<networkx.classes.graph.Graph object at 0x134794ad0>"}, "time": 1732415564.1894321}