{"duration": 0.000659942626953125, "input_args": {"graph": "<networkx.classes.graph.Graph object at 0x1348182d0>"}, "time": 1732415563.558121}