{"duration": 0.0009088516235351562, "input_args": {"graph": "<networkx.classes.graph.Graph object at 0x134819e50>"}, "time": 1732415564.7854688}