{"duration": 0.0009658336639404297, "input_args": {"graph": "<networkx.classes.graph.Graph object at 0x13456e6d0>"}, "time": 1732415563.4392939}