{"duration": 0.0005702972412109375, "input_args": {"graph": "<networkx.classes.graph.Graph object at 0x13456dbd0>"}, "time": 1732415562.738233}