{"duration": 0.0002579689025878906, "input_args": {"graph": "<networkx.classes.graph.Graph object at 0x134797550>"}, "time": 1732415564.016014}