{"duration": 0.0005092620849609375, "input_args": {"graph": "<networkx.classes.graph.Graph object at 0x134716050>"}, "time": 1732415561.9813912}