{"duration": 0.0013740062713623047, "input_args": {"graph": "<networkx.classes.graph.Graph object at 0x134818a50>"}, "time": 1732415563.735886}