{"duration": 0.0005481243133544922, "input_args": {"graph": "<networkx.classes.graph.Graph object at 0x134797c50>"}, "time": 1732415563.329647}