{"duration": 0.00021505355834960938, "input_args": {"graph": "<networkx.classes.graph.Graph object at 0x13456d250>"}, "time": 1732415561.5277839}