{"duration": 0.0008032321929931641, "input_args": {"graph": "<networkx.classes.graph.Graph object at 0x13481bbd0>"}, "time": 1732415564.6941912}