{"duration": 0.0005602836608886719, "input_args": {"graph": "<networkx.classes.graph.Graph object at 0x134716f50>"}, "time": 1732415562.479458}