{"duration": 0.0008840560913085938, "input_args": {"graph": "<networkx.classes.graph.Graph object at 0x13481bf50>"}, "time": 1732415564.848292}