{"duration": 0.0011107921600341797, "input_args": {"graph": "<networkx.classes.graph.Graph object at 0x13456fc50>"}, "time": 1732415561.523068}