{"duration": 0.0005118846893310547, "input_args": {"graph": "<networkx.classes.graph.Graph object at 0x134797850>"}, "time": 1732415563.1986308}