{"duration": 0.0011830329895019531, "input_args": {"graph": "<networkx.classes.graph.Graph object at 0x134797c50>"}, "time": 1732415564.093717}