{"duration": 0.0011067390441894531, "input_args": {"graph": "<networkx.classes.graph.Graph object at 0x1347971d0>"}, "time": 1732415563.228344}