{"duration": 0.0004982948303222656, "input_args": {"graph": "<networkx.classes.graph.Graph object at 0x13456dad0>"}, "time": 1732415562.371149}