{"duration": 0.0008399486541748047, "input_args": {"graph": "<networkx.classes.graph.Graph object at 0x134797cd0>"}, "time": 1732415564.0004659}