{"duration": 0.0005562305450439453, "input_args": {"graph": "<networkx.classes.graph.Graph object at 0x1348a1350>"}, "time": 1732415564.7390752}