{"duration": 0.0002942085266113281, "input_args": {"graph": "<networkx.classes.graph.Graph object at 0x134716350>"}, "time": 1732415562.489484}