{"duration": 0.0004851818084716797, "input_args": {"graph": "<networkx.classes.graph.Graph object at 0x1347163d0>"}, "time": 1732415561.944117}