{"duration": 0.0004889965057373047, "input_args": {"graph": "<networkx.classes.graph.Graph object at 0x134794550>"}, "time": 1732415562.778913}