{"duration": 0.0005078315734863281, "input_args": {"graph": "<networkx.classes.graph.Graph object at 0x1348a00d0>"}, "time": 1732415564.719796}