{"duration": 0.000247955322265625, "input_args": {"graph": "<networkx.classes.graph.Graph object at 0x1348181d0>"}, "time": 1732415564.166084}