{"duration": 0.0003380775451660156, "input_args": {"graph": "<networkx.classes.graph.Graph object at 0x134796150>"}, "time": 1732415562.895862}