{"duration": 0.0012819766998291016, "input_args": {"graph": "<networkx.classes.graph.Graph object at 0x134796150>"}, "time": 1732415562.794514}