{"duration": 0.0004258155822753906, "input_args": {"graph": "<networkx.classes.graph.Graph object at 0x134714650>"}, "time": 1732415562.0473049}