{"duration": 0.00022411346435546875, "input_args": {"graph": "<networkx.classes.graph.Graph object at 0x13456ef50>"}, "time": 1732415561.7202141}