{"duration": 0.0006411075592041016, "input_args": {"graph": "<networkx.classes.graph.Graph object at 0x1348a1950>"}, "time": 1732415565.0469902}