{"duration": 0.00032401084899902344, "input_args": {"graph": "<networkx.classes.graph.Graph object at 0x134796250>"}, "time": 1732415563.187802}