{"duration": 0.0005450248718261719, "input_args": {"graph": "<networkx.classes.graph.Graph object at 0x13481b2d0>"}, "time": 1732415564.0434518}