{"duration": 0.0002372264862060547, "input_args": {"graph": "<networkx.classes.graph.Graph object at 0x13456f550>"}, "time": 1732415561.7634811}