{"duration": 0.0007171630859375, "input_args": {"graph": "<networkx.classes.graph.Graph object at 0x13481a5d0>"}, "time": 1732415564.7497091}