{"duration": 0.0009210109710693359, "input_args": {"graph": "<networkx.classes.graph.Graph object at 0x134715450>"}, "time": 1732415561.676259}