{"duration": 0.0003917217254638672, "input_args": {"graph": "<networkx.classes.graph.Graph object at 0x1347146d0>"}, "time": 1732415562.2363148}