{"duration": 0.001336812973022461, "input_args": {"graph": "<networkx.classes.graph.Graph object at 0x134796250>"}, "time": 1732415563.630719}