{"duration": 0.00023865699768066406, "input_args": {"graph": "<networkx.classes.graph.Graph object at 0x134714350>"}, "time": 1732415563.3316789}