{"duration": 0.0005929470062255859, "input_args": {"graph": "<networkx.classes.graph.Graph object at 0x134716ad0>"}, "time": 1732415562.757143}