{"duration": 0.0005578994750976562, "input_args": {"graph": "<networkx.classes.graph.Graph object at 0x134819c50>"}, "time": 1732415563.865937}