{"duration": 0.0005161762237548828, "input_args": {"graph": "<networkx.classes.graph.Graph object at 0x1347941d0>"}, "time": 1732415563.6260931}