{"duration": 0.0005450248718261719, "input_args": {"graph": "<networkx.classes.graph.Graph object at 0x134796e50>"}, "time": 1732415563.070384}