{"duration": 0.0005621910095214844, "input_args": {"graph": "<networkx.classes.graph.Graph object at 0x1347168d0>"}, "time": 1732415562.9202712}