{"duration": 0.00035190582275390625, "input_args": {"graph": "<networkx.classes.graph.Graph object at 0x1348a19d0>"}, "time": 1732415564.934093}