{"duration": 0.0008211135864257812, "input_args": {"graph": "<networkx.classes.graph.Graph object at 0x1347156d0>"}, "time": 1732415562.171895}