{"duration": 0.0016300678253173828, "input_args": {"graph": "<networkx.classes.graph.Graph object at 0x12099a350>"}, "time": 1732415572.334841}