{"duration": 0.00020313262939453125, "input_args": {"graph": "<networkx.classes.graph.Graph object at 0x1347143d0>"}, "time": 1732415563.464778}