{"duration": 0.00020694732666015625, "input_args": {"graph": "<networkx.classes.graph.Graph object at 0x1347972d0>"}, "time": 1732415564.281514}