{"duration": 0.0013890266418457031, "input_args": {"graph": "<networkx.classes.graph.Graph object at 0x134819750>"}, "time": 1732415563.725922}