{"duration": 0.0008990764617919922, "input_args": {"graph": "<networkx.classes.graph.Graph object at 0x13456fed0>"}, "time": 1732415561.7331982}