{"duration": 0.00023221969604492188, "input_args": {"graph": "<networkx.classes.graph.Graph object at 0x13456cb50>"}, "time": 1732415565.1973581}