{"duration": 0.0005183219909667969, "input_args": {"graph": "<networkx.classes.graph.Graph object at 0x134715d50>"}, "time": 1732415561.9517682}