{"duration": 0.0004889965057373047, "input_args": {"graph": "<networkx.classes.graph.Graph object at 0x134818cd0>"}, "time": 1732415563.720191}