{"duration": 0.0002448558807373047, "input_args": {"graph": "<networkx.classes.graph.Graph object at 0x134797c50>"}, "time": 1732415564.1939259}