{"duration": 0.0005850791931152344, "input_args": {"graph": "<networkx.classes.graph.Graph object at 0x134819c50>"}, "time": 1732415564.260313}