{"duration": 0.00032591819763183594, "input_args": {"graph": "<networkx.classes.graph.Graph object at 0x13456f750>"}, "time": 1732415562.693248}