{"duration": 0.00019502639770507812, "input_args": {"graph": "<networkx.classes.graph.Graph object at 0x1348a0150>"}, "time": 1732415565.135481}