{"duration": 0.0012240409851074219, "input_args": {"graph": "<networkx.classes.graph.Graph object at 0x134714350>"}, "time": 1732415561.992403}