{"duration": 0.0003037452697753906, "input_args": {"graph": "<networkx.classes.graph.Graph object at 0x134716a50>"}, "time": 1732415562.825344}