{"duration": 0.00036907196044921875, "input_args": {"graph": "<networkx.classes.graph.Graph object at 0x134797d50>"}, "time": 1732415564.562602}