{"duration": 0.00044989585876464844, "input_args": {"graph": "<networkx.classes.graph.Graph object at 0x1347148d0>"}, "time": 1732415562.007045}