{"duration": 0.00022292137145996094, "input_args": {"graph": "<networkx.classes.graph.Graph object at 0x134714f50>"}, "time": 1732415561.655882}