{"duration": 0.0009489059448242188, "input_args": {"graph": "<networkx.classes.graph.Graph object at 0x13456f2d0>"}, "time": 1732415562.1501591}