{"duration": 0.00026416778564453125, "input_args": {"graph": "<networkx.classes.graph.Graph object at 0x1347165d0>"}, "time": 1732415562.0138822}