{"duration": 0.00021004676818847656, "input_args": {"graph": "<networkx.classes.graph.Graph object at 0x13481a350>"}, "time": 1732415564.88575}