{"duration": 0.0013990402221679688, "input_args": {"graph": "<networkx.classes.graph.Graph object at 0x1348a1050>"}, "time": 1732415564.947435}