{"duration": 0.0005030632019042969, "input_args": {"graph": "<networkx.classes.graph.Graph object at 0x134715d50>"}, "time": 1732415561.8023438}