{"duration": 0.0002071857452392578, "input_args": {"graph": "<networkx.classes.graph.Graph object at 0x1347175d0>"}, "time": 1732415562.159352}