{"duration": 0.00037217140197753906, "input_args": {"graph": "<networkx.classes.graph.Graph object at 0x134796250>"}, "time": 1732415564.299631}