{"duration": 0.000263214111328125, "input_args": {"graph": "<networkx.classes.graph.Graph object at 0x13456ea50>"}, "time": 1732415562.145327}