{"duration": 0.0005629062652587891, "input_args": {"graph": "<networkx.classes.graph.Graph object at 0x134819b50>"}, "time": 1732415564.5482528}