{"duration": 0.0003349781036376953, "input_args": {"graph": "<networkx.classes.graph.Graph object at 0x13456dbd0>"}, "time": 1732415562.848187}