{"duration": 0.000598907470703125, "input_args": {"graph": "<networkx.classes.graph.Graph object at 0x1348189d0>"}, "time": 1732415563.649816}