{"duration": 0.0005829334259033203, "input_args": {"graph": "<networkx.classes.graph.Graph object at 0x134819f50>"}, "time": 1732415563.81233}