{"duration": 0.0011157989501953125, "input_args": {"graph": "<networkx.classes.graph.Graph object at 0x134819450>"}, "time": 1732415563.6559758}