{"duration": 0.0002510547637939453, "input_args": {"graph": "<networkx.classes.graph.Graph object at 0x13456d050>"}, "time": 1732415562.951595}