{"duration": 0.0008058547973632812, "input_args": {"graph": "<networkx.classes.graph.Graph object at 0x1348a1450>"}, "time": 1732415564.679914}