{"duration": 0.0002257823944091797, "input_args": {"graph": "<networkx.classes.graph.Graph object at 0x13456c8d0>"}, "time": 1732415562.762984}