{"duration": 0.0005900859832763672, "input_args": {"graph": "<networkx.classes.graph.Graph object at 0x134716b50>"}, "time": 1732415562.864442}