{"duration": 0.0014281272888183594, "input_args": {"graph": "<networkx.classes.graph.Graph object at 0x13481a550>"}, "time": 1732415564.593961}