{"duration": 0.0001819133758544922, "input_args": {"graph": "<networkx.classes.graph.Graph object at 0x134794750>"}, "time": 1732415564.280514}