{"duration": 0.0010099411010742188, "input_args": {"graph": "<networkx.classes.graph.Graph object at 0x134714dd0>"}, "time": 1732415562.309056}