{"duration": 0.0007519721984863281, "input_args": {"graph": "<networkx.classes.graph.Graph object at 0x13456ecd0>"}, "time": 1732415562.106324}