{"duration": 0.0004937648773193359, "input_args": {"graph": "<networkx.classes.graph.Graph object at 0x134715550>"}, "time": 1732415561.964531}