{"duration": 0.0007967948913574219, "input_args": {"graph": "<networkx.classes.graph.Graph object at 0x134716b50>"}, "time": 1732415563.0985768}