{"duration": 0.00021028518676757812, "input_args": {"graph": "<networkx.classes.graph.Graph object at 0x134794ad0>"}, "time": 1732415564.8729851}