{"duration": 0.0002627372741699219, "input_args": {"graph": "<networkx.classes.graph.Graph object at 0x134796dd0>"}, "time": 1732415564.1402218}