{"duration": 0.0005221366882324219, "input_args": {"graph": "<networkx.classes.graph.Graph object at 0x134715fd0>"}, "time": 1732415561.963645}