{"duration": 0.00047278404235839844, "input_args": {"graph": "<networkx.classes.graph.Graph object at 0x1347152d0>"}, "time": 1732415561.686534}