{"duration": 0.00027632713317871094, "input_args": {"graph": "<networkx.classes.graph.Graph object at 0x1347140d0>"}, "time": 1732415563.1095521}