{"duration": 0.0005259513854980469, "input_args": {"graph": "<networkx.classes.graph.Graph object at 0x13481bd50>"}, "time": 1732415564.9941928}