{"duration": 0.0005500316619873047, "input_args": {"graph": "<networkx.classes.graph.Graph object at 0x1348a0e50>"}, "time": 1732415564.72279}