{"duration": 0.0004911422729492188, "input_args": {"graph": "<networkx.classes.graph.Graph object at 0x134716f50>"}, "time": 1732415562.934966}