{"duration": 0.0005211830139160156, "input_args": {"graph": "<networkx.classes.graph.Graph object at 0x134714bd0>"}, "time": 1732415561.7192261}