{"duration": 0.0015518665313720703, "input_args": {"graph": "<networkx.classes.graph.Graph object at 0x134796fd0>"}, "time": 1732415563.592362}