{"duration": 0.0006101131439208984, "input_args": {"graph": "<networkx.classes.graph.Graph object at 0x134794fd0>"}, "time": 1732415562.9496682}