{"duration": 0.0003600120544433594, "input_args": {"graph": "<networkx.classes.graph.Graph object at 0x134795bd0>"}, "time": 1732415563.178664}