{"duration": 0.00023603439331054688, "input_args": {"graph": "<networkx.classes.graph.Graph object at 0x134796250>"}, "time": 1732415563.392085}