{"duration": 0.0003325939178466797, "input_args": {"graph": "<networkx.classes.graph.Graph object at 0x1347172d0>"}, "time": 1732415562.4913778}