{"duration": 0.00025272369384765625, "input_args": {"graph": "<networkx.classes.graph.Graph object at 0x13481aed0>"}, "time": 1732415564.04877}