{"duration": 0.0010178089141845703, "input_args": {"graph": "<networkx.classes.graph.Graph object at 0x1348a0850>"}, "time": 1732415565.0186849}