{"duration": 0.0005550384521484375, "input_args": {"graph": "<networkx.classes.graph.Graph object at 0x134714a50>"}, "time": 1732415561.618381}