{"duration": 0.00020813941955566406, "input_args": {"graph": "<networkx.classes.graph.Graph object at 0x134818c50>"}, "time": 1732415564.8703701}