{"duration": 0.0014009475708007812, "input_args": {"graph": "<networkx.classes.graph.Graph object at 0x1347965d0>"}, "time": 1732415563.410892}