{"duration": 0.0005459785461425781, "input_args": {"graph": "<networkx.classes.graph.Graph object at 0x134714d50>"}, "time": 1732415562.438347}