{"duration": 0.0011572837829589844, "input_args": {"graph": "<networkx.classes.graph.Graph object at 0x1347144d0>"}, "time": 1732415561.7110431}