{"duration": 0.00020813941955566406, "input_args": {"graph": "<networkx.classes.graph.Graph object at 0x134714ad0>"}, "time": 1732415561.7251148}