{"duration": 0.0007040500640869141, "input_args": {"graph": "<networkx.classes.graph.Graph object at 0x134819ed0>"}, "time": 1732415564.256201}