{"duration": 0.0002830028533935547, "input_args": {"graph": "<networkx.classes.graph.Graph object at 0x13481a5d0>"}, "time": 1732415563.991992}