{"duration": 0.0006270408630371094, "input_args": {"graph": "<networkx.classes.graph.Graph object at 0x134819c50>"}, "time": 1732415564.360123}