{"duration": 0.0005512237548828125, "input_args": {"graph": "<networkx.classes.graph.Graph object at 0x134795dd0>"}, "time": 1732415562.7768881}