{"duration": 0.0007250308990478516, "input_args": {"graph": "<networkx.classes.graph.Graph object at 0x13456f250>"}, "time": 1732415561.713631}