{"duration": 0.0002071857452392578, "input_args": {"graph": "<networkx.classes.graph.Graph object at 0x13456e950>"}, "time": 1732415561.7618601}