{"duration": 0.0002129077911376953, "input_args": {"graph": "<networkx.classes.graph.Graph object at 0x13456fb50>"}, "time": 1732415561.7974908}