{"duration": 0.0006158351898193359, "input_args": {"graph": "<networkx.classes.graph.Graph object at 0x13456d5d0>"}, "time": 1732415561.462443}