{"duration": 0.00080108642578125, "input_args": {"graph": "<networkx.classes.graph.Graph object at 0x134794950>"}, "time": 1732415563.123085}