{"duration": 0.0011980533599853516, "input_args": {"graph": "<networkx.classes.graph.Graph object at 0x1348a10d0>"}, "time": 1732415564.705813}