{"duration": 0.0001919269561767578, "input_args": {"graph": "<networkx.classes.graph.Graph object at 0x134579090>"}, "time": 1732415561.371215}