{"duration": 0.0013751983642578125, "input_args": {"graph": "<networkx.classes.graph.Graph object at 0x13481a950>"}, "time": 1732415564.6208901}