{"duration": 0.0013899803161621094, "input_args": {"graph": "<networkx.classes.graph.Graph object at 0x1348191d0>"}, "time": 1732415563.688805}