{"duration": 0.00023674964904785156, "input_args": {"graph": "<networkx.classes.graph.Graph object at 0x1348a05d0>"}, "time": 1732415564.889874}