{"duration": 0.0008358955383300781, "input_args": {"graph": "<networkx.classes.graph.Graph object at 0x13481a550>"}, "time": 1732415563.8649669}