{"duration": 0.0013439655303955078, "input_args": {"graph": "<networkx.classes.graph.Graph object at 0x134717e50>"}, "time": 1732415562.6076689}