{"duration": 0.0009710788726806641, "input_args": {"graph": "<networkx.classes.graph.Graph object at 0x13481bd50>"}, "time": 1732415564.512022}