{"duration": 0.0004558563232421875, "input_args": {"graph": "<networkx.classes.graph.Graph object at 0x13456d450>"}, "time": 1732415561.5455549}