{"duration": 0.0005958080291748047, "input_args": {"graph": "<networkx.classes.graph.Graph object at 0x13481a350>"}, "time": 1732415564.2205398}