{"duration": 0.0015790462493896484, "input_args": {"graph": "<networkx.classes.graph.Graph object at 0x134795f50>"}, "time": 1732415565.017712}