{"duration": 0.0010960102081298828, "input_args": {"graph": "<networkx.classes.graph.Graph object at 0x13481a850>"}, "time": 1732415564.1056828}