{"duration": 0.0005440711975097656, "input_args": {"graph": "<networkx.classes.graph.Graph object at 0x134818750>"}, "time": 1732415564.030302}