{"duration": 0.00026416778564453125, "input_args": {"graph": "<networkx.classes.graph.Graph object at 0x13456fed0>"}, "time": 1732415561.4498181}