{"duration": 0.0004467964172363281, "input_args": {"graph": "<networkx.classes.graph.Graph object at 0x134714cd0>"}, "time": 1732415561.8307378}