{"duration": 0.0012900829315185547, "input_args": {"graph": "<networkx.classes.graph.Graph object at 0x1348a1c50>"}, "time": 1732415564.933783}