{"duration": 0.0002067089080810547, "input_args": {"graph": "<networkx.classes.graph.Graph object at 0x134716050>"}, "time": 1732415562.6655428}