{"duration": 0.00041604042053222656, "input_args": {"graph": "<networkx.classes.graph.Graph object at 0x134716ad0>"}, "time": 1732415561.883577}