{"duration": 0.00041222572326660156, "input_args": {"graph": "<networkx.classes.graph.Graph object at 0x13456ded0>"}, "time": 1732415561.7234921}