{"duration": 0.0005688667297363281, "input_args": {"graph": "<networkx.classes.graph.Graph object at 0x1347953d0>"}, "time": 1732415563.68094}