{"duration": 0.00019216537475585938, "input_args": {"graph": "<networkx.classes.graph.Graph object at 0x134716ed0>"}, "time": 1732415562.661469}