{"duration": 0.00026988983154296875, "input_args": {"graph": "<networkx.classes.graph.Graph object at 0x13456ec50>"}, "time": 1732415561.440736}