{"duration": 0.0005238056182861328, "input_args": {"graph": "<networkx.classes.graph.Graph object at 0x1348a02d0>"}, "time": 1732415564.6013398}