{"duration": 0.0005667209625244141, "input_args": {"graph": "<networkx.classes.graph.Graph object at 0x13456d0d0>"}, "time": 1732415562.591313}