{"duration": 0.00029587745666503906, "input_args": {"graph": "<networkx.classes.graph.Graph object at 0x13456ed50>"}, "time": 1732415561.438925}