{"duration": 0.000209808349609375, "input_args": {"graph": "<networkx.classes.graph.Graph object at 0x134716b50>"}, "time": 1732415564.287937}