{"duration": 0.0007908344268798828, "input_args": {"graph": "<networkx.classes.graph.Graph object at 0x1254964d0>"}, "time": 1732415592.9403808}