{"duration": 0.00047087669372558594, "input_args": {"graph": "<networkx.classes.graph.Graph object at 0x134715350>"}, "time": 1732415561.6873899}