{"duration": 0.0002300739288330078, "input_args": {"graph": "<networkx.classes.graph.Graph object at 0x134819fd0>"}, "time": 1732415564.589209}