{"duration": 0.0002548694610595703, "input_args": {"graph": "<networkx.classes.graph.Graph object at 0x134797950>"}, "time": 1732415563.8190122}