{"duration": 0.00041866302490234375, "input_args": {"graph": "<networkx.classes.graph.Graph object at 0x1344ea650>"}, "time": 1732415561.36245}