{"duration": 0.00020194053649902344, "input_args": {"graph": "<networkx.classes.graph.Graph object at 0x13481bdd0>"}, "time": 1732415564.8807108}