{"duration": 0.0002429485321044922, "input_args": {"graph": "<networkx.classes.graph.Graph object at 0x1347946d0>"}, "time": 1732415562.998135}