{"duration": 0.0008208751678466797, "input_args": {"graph": "<networkx.classes.graph.Graph object at 0x1347967d0>"}, "time": 1732415563.569113}