{"duration": 0.0020868778228759766, "input_args": {"graph": "<networkx.classes.graph.Graph object at 0x13481ac50>"}, "time": 1732415564.801504}