{"duration": 0.0006368160247802734, "input_args": {"graph": "<networkx.classes.graph.Graph object at 0x13481b6d0>"}, "time": 1732415564.2473779}