{"duration": 0.0005917549133300781, "input_args": {"graph": "<networkx.classes.graph.Graph object at 0x13456dd50>"}, "time": 1732415563.540341}