{"duration": 0.0002372264862060547, "input_args": {"graph": "<networkx.classes.graph.Graph object at 0x13481bad0>"}, "time": 1732415564.829664}