{"duration": 0.0009548664093017578, "input_args": {"graph": "<networkx.classes.graph.Graph object at 0x13456fb50>"}, "time": 1732415561.680476}