{"duration": 0.0004210472106933594, "input_args": {"graph": "<networkx.classes.graph.Graph object at 0x134714c50>"}, "time": 1732415561.5364301}