{"duration": 0.0003349781036376953, "input_args": {"graph": "<networkx.classes.graph.Graph object at 0x13456e1d0>"}, "time": 1732415561.595466}