{"duration": 0.0009438991546630859, "input_args": {"graph": "<networkx.classes.graph.Graph object at 0x13456eed0>"}, "time": 1732415561.553351}