{"duration": 0.00055694580078125, "input_args": {"graph": "<networkx.classes.graph.Graph object at 0x1347159d0>"}, "time": 1732415562.011873}