{"duration": 0.0006289482116699219, "input_args": {"graph": "<networkx.classes.graph.Graph object at 0x13456ce50>"}, "time": 1732415563.326009}