{"duration": 0.0002911090850830078, "input_args": {"graph": "<networkx.classes.graph.Graph object at 0x1207ef250>"}, "time": 1732415572.619019}