{"duration": 0.0010161399841308594, "input_args": {"graph": "<networkx.classes.graph.Graph object at 0x134714bd0>"}, "time": 1732415562.2055511}