{"duration": 0.0002961158752441406, "input_args": {"graph": "<networkx.classes.graph.Graph object at 0x13456d7d0>"}, "time": 1732415561.609468}