{"duration": 0.00047397613525390625, "input_args": {"graph": "<networkx.classes.graph.Graph object at 0x134715650>"}, "time": 1732415561.654001}