{"duration": 0.0005230903625488281, "input_args": {"graph": "<networkx.classes.graph.Graph object at 0x1348191d0>"}, "time": 1732415564.079741}