{"duration": 0.0005438327789306641, "input_args": {"graph": "<networkx.classes.graph.Graph object at 0x134818a50>"}, "time": 1732415563.8623118}