{"duration": 0.0009598731994628906, "input_args": {"graph": "<networkx.classes.graph.Graph object at 0x1347168d0>"}, "time": 1732415561.8930938}