{"duration": 0.0004780292510986328, "input_args": {"graph": "<networkx.classes.graph.Graph object at 0x1347944d0>"}, "time": 1732415563.013407}