{"duration": 0.00025081634521484375, "input_args": {"graph": "<networkx.classes.graph.Graph object at 0x134714a50>"}, "time": 1732415562.25825}