{"duration": 0.0007770061492919922, "input_args": {"graph": "<networkx.classes.graph.Graph object at 0x1253fcc50>"}, "time": 1732415592.932292}