{"duration": 0.0002918243408203125, "input_args": {"graph": "<networkx.classes.graph.Graph object at 0x134819350>"}, "time": 1732415564.3269298}