{"duration": 0.0007779598236083984, "input_args": {"graph": "<networkx.classes.graph.Graph object at 0x134716450>"}, "time": 1732415562.413368}