{"duration": 0.00023031234741210938, "input_args": {"graph": "<networkx.classes.graph.Graph object at 0x134795050>"}, "time": 1732415562.4600031}