{"duration": 0.0005040168762207031, "input_args": {"graph": "<networkx.classes.graph.Graph object at 0x1348199d0>"}, "time": 1732415564.142529}