{"duration": 0.0001900196075439453, "input_args": {"graph": "<networkx.classes.graph.Graph object at 0x13481a5d0>"}, "time": 1732415565.13812}