{"duration": 0.0007462501525878906, "input_args": {"graph": "<networkx.classes.graph.Graph object at 0x13481afd0>"}, "time": 1732415564.37401}