{"duration": 0.0002071857452392578, "input_args": {"graph": "<networkx.classes.graph.Graph object at 0x134795250>"}, "time": 1732415563.461806}