{"duration": 0.0003142356872558594, "input_args": {"graph": "<networkx.classes.graph.Graph object at 0x13456e950>"}, "time": 1732415561.5902321}