{"duration": 0.0011310577392578125, "input_args": {"graph": "<networkx.classes.graph.Graph object at 0x1348192d0>"}, "time": 1732415563.64891}