{"duration": 0.0005338191986083984, "input_args": {"graph": "<networkx.classes.graph.Graph object at 0x134794ad0>"}, "time": 1732415562.4078588}