{"duration": 0.0013010501861572266, "input_args": {"graph": "<networkx.classes.graph.Graph object at 0x1348a15d0>"}, "time": 1732415564.8517802}