{"duration": 0.0005769729614257812, "input_args": {"graph": "<networkx.classes.graph.Graph object at 0x134794950>"}, "time": 1732415562.9659672}