{"duration": 0.00032806396484375, "input_args": {"graph": "<networkx.classes.graph.Graph object at 0x1348197d0>"}, "time": 1732415563.7547882}