{"duration": 0.00021195411682128906, "input_args": {"graph": "<networkx.classes.graph.Graph object at 0x134797550>"}, "time": 1732415564.323943}