{"duration": 0.00047707557678222656, "input_args": {"graph": "<networkx.classes.graph.Graph object at 0x1347167d0>"}, "time": 1732415562.414689}