{"duration": 0.0010292530059814453, "input_args": {"graph": "<networkx.classes.graph.Graph object at 0x1347969d0>"}, "time": 1732415563.335596}