{"duration": 0.0002911090850830078, "input_args": {"graph": "<networkx.classes.graph.Graph object at 0x1347167d0>"}, "time": 1732415563.037292}