{"duration": 0.0002028942108154297, "input_args": {"graph": "<networkx.classes.graph.Graph object at 0x134819550>"}, "time": 1732415564.3098218}