{"duration": 0.0008442401885986328, "input_args": {"graph": "<networkx.classes.graph.Graph object at 0x134818a50>"}, "time": 1732415563.9232562}