{"duration": 0.00020813941955566406, "input_args": {"graph": "<networkx.classes.graph.Graph object at 0x1347154d0>"}, "time": 1732415562.4065301}