{"duration": 0.0008490085601806641, "input_args": {"graph": "<networkx.classes.graph.Graph object at 0x134796dd0>"}, "time": 1732415564.148242}