{"duration": 0.0008339881896972656, "input_args": {"graph": "<networkx.classes.graph.Graph object at 0x1347160d0>"}, "time": 1732415562.641172}