{"duration": 0.00023508071899414062, "input_args": {"graph": "<networkx.classes.graph.Graph object at 0x13456f3d0>"}, "time": 1732415561.582617}