{"duration": 0.0008699893951416016, "input_args": {"graph": "<networkx.classes.graph.Graph object at 0x134818b50>"}, "time": 1732415564.907978}