{"duration": 0.00025081634521484375, "input_args": {"graph": "<networkx.classes.graph.Graph object at 0x13481acd0>"}, "time": 1732415564.2226849}