{"duration": 0.000675201416015625, "input_args": {"graph": "<networkx.classes.graph.Graph object at 0x134818950>"}, "time": 1732415564.942249}