{"duration": 0.00019812583923339844, "input_args": {"graph": "<networkx.classes.graph.Graph object at 0x134797050>"}, "time": 1732415563.4925172}