{"duration": 0.0002529621124267578, "input_args": {"graph": "<networkx.classes.graph.Graph object at 0x1208fedd0>"}, "time": 1732415572.640439}