{"duration": 0.0009720325469970703, "input_args": {"graph": "<networkx.classes.graph.Graph object at 0x134818b50>"}, "time": 1732415564.62816}