{"duration": 0.00022077560424804688, "input_args": {"graph": "<networkx.classes.graph.Graph object at 0x1347163d0>"}, "time": 1732415563.45677}