{"duration": 0.00024127960205078125, "input_args": {"graph": "<networkx.classes.graph.Graph object at 0x134795450>"}, "time": 1732415564.3682292}