{"duration": 0.0011568069458007812, "input_args": {"graph": "<networkx.classes.graph.Graph object at 0x1208fc4d0>"}, "time": 1732415572.336988}