{"duration": 0.000965118408203125, "input_args": {"graph": "<networkx.classes.graph.Graph object at 0x1347154d0>"}, "time": 1732415561.996524}