{"duration": 0.0005440711975097656, "input_args": {"graph": "<networkx.classes.graph.Graph object at 0x134797250>"}, "time": 1732415562.989672}