{"duration": 0.00041794776916503906, "input_args": {"graph": "<networkx.classes.graph.Graph object at 0x1344ff850>"}, "time": 1732415561.447851}