{"duration": 0.0002701282501220703, "input_args": {"graph": "<networkx.classes.graph.Graph object at 0x134797f50>"}, "time": 1732415563.504683}