{"duration": 0.0010602474212646484, "input_args": {"graph": "<networkx.classes.graph.Graph object at 0x13456dd50>"}, "time": 1732415562.6287842}