{"duration": 0.0006136894226074219, "input_args": {"graph": "<networkx.classes.graph.Graph object at 0x1347964d0>"}, "time": 1732415562.9271538}