{"duration": 0.0004961490631103516, "input_args": {"graph": "<networkx.classes.graph.Graph object at 0x134797750>"}, "time": 1732415563.265014}