{"duration": 0.0002307891845703125, "input_args": {"graph": "<networkx.classes.graph.Graph object at 0x13456e4d0>"}, "time": 1732415561.7706099}