{"duration": 0.0004849433898925781, "input_args": {"graph": "<networkx.classes.graph.Graph object at 0x1347146d0>"}, "time": 1732415561.605129}