{"duration": 0.0002300739288330078, "input_args": {"graph": "<networkx.classes.graph.Graph object at 0x134794850>"}, "time": 1732415562.513361}