{"duration": 0.0005278587341308594, "input_args": {"graph": "<networkx.classes.graph.Graph object at 0x13456f9d0>"}, "time": 1732415561.664041}