{"duration": 0.0012102127075195312, "input_args": {"graph": "<networkx.classes.graph.Graph object at 0x134819a50>"}, "time": 1732415564.1458602}