{"duration": 0.0002079010009765625, "input_args": {"graph": "<networkx.classes.graph.Graph object at 0x134796850>"}, "time": 1732415563.490023}