{"duration": 0.0005807876586914062, "input_args": {"graph": "<networkx.classes.graph.Graph object at 0x134714350>"}, "time": 1732415563.2898738}