{"duration": 0.0014979839324951172, "input_args": {"graph": "<networkx.classes.graph.Graph object at 0x134714dd0>"}, "time": 1732415562.7225752}