{"duration": 0.0011060237884521484, "input_args": {"graph": "<networkx.classes.graph.Graph object at 0x134716750>"}, "time": 1732415562.568007}