{"duration": 0.0005192756652832031, "input_args": {"graph": "<networkx.classes.graph.Graph object at 0x1347168d0>"}, "time": 1732415563.074722}