{"duration": 0.0003581047058105469, "input_args": {"graph": "<networkx.classes.graph.Graph object at 0x134797a50>"}, "time": 1732415563.731617}