{"duration": 0.0006830692291259766, "input_args": {"graph": "<networkx.classes.graph.Graph object at 0x1348a01d0>"}, "time": 1732415564.435446}