{"duration": 0.00020885467529296875, "input_args": {"graph": "<networkx.classes.graph.Graph object at 0x134717ad0>"}, "time": 1732415563.478443}