{"duration": 0.0011489391326904297, "input_args": {"graph": "<networkx.classes.graph.Graph object at 0x134795e50>"}, "time": 1732415563.434732}