{"duration": 0.00023818016052246094, "input_args": {"graph": "<networkx.classes.graph.Graph object at 0x1348191d0>"}, "time": 1732415564.198015}