{"duration": 0.0002529621124267578, "input_args": {"graph": "<networkx.classes.graph.Graph object at 0x1344ff7d0>"}, "time": 1732415561.5063848}