{"duration": 0.0007829666137695312, "input_args": {"graph": "<networkx.classes.graph.Graph object at 0x134796550>"}, "time": 1732415562.822742}