{"duration": 0.0009920597076416016, "input_args": {"graph": "<networkx.classes.graph.Graph object at 0x1348a1cd0>"}, "time": 1732415565.009412}