{"duration": 0.0007569789886474609, "input_args": {"graph": "<networkx.classes.graph.Graph object at 0x13456fc50>"}, "time": 1732415561.877156}