{"duration": 0.0004620552062988281, "input_args": {"graph": "<networkx.classes.graph.Graph object at 0x134716350>"}, "time": 1732415561.934328}