{"duration": 0.00045490264892578125, "input_args": {"graph": "<networkx.classes.graph.Graph object at 0x134714950>"}, "time": 1732415561.534326}