{"duration": 0.0004773139953613281, "input_args": {"graph": "<networkx.classes.graph.Graph object at 0x134714c50>"}, "time": 1732415561.692283}