{"duration": 0.0013489723205566406, "input_args": {"graph": "<networkx.classes.graph.Graph object at 0x13456ea50>"}, "time": 1732415562.163994}