{"duration": 0.0002722740173339844, "input_args": {"graph": "<networkx.classes.graph.Graph object at 0x13481be50>"}, "time": 1732415564.4855402}