{"duration": 0.0005083084106445312, "input_args": {"graph": "<networkx.classes.graph.Graph object at 0x1347950d0>"}, "time": 1732415563.237935}