{"duration": 0.0005080699920654297, "input_args": {"graph": "<networkx.classes.graph.Graph object at 0x134796a50>"}, "time": 1732415562.945111}