{"duration": 0.0010890960693359375, "input_args": {"graph": "<networkx.classes.graph.Graph object at 0x1348193d0>"}, "time": 1732415563.9136682}