{"duration": 0.00060272216796875, "input_args": {"graph": "<networkx.classes.graph.Graph object at 0x134715050>"}, "time": 1732415562.1648798}