{"duration": 0.0002429485321044922, "input_args": {"graph": "<networkx.classes.graph.Graph object at 0x134794150>"}, "time": 1732415562.3003929}