{"duration": 0.0006449222564697266, "input_args": {"graph": "<networkx.classes.graph.Graph object at 0x13481a3d0>"}, "time": 1732415564.414068}