{"duration": 0.00038814544677734375, "input_args": {"graph": "<networkx.classes.graph.Graph object at 0x134714bd0>"}, "time": 1732415562.115798}