{"duration": 0.00074005126953125, "input_args": {"graph": "<networkx.classes.graph.Graph object at 0x13456cdd0>"}, "time": 1732415562.762135}