{"duration": 0.0011088848114013672, "input_args": {"graph": "<networkx.classes.graph.Graph object at 0x1348a0850>"}, "time": 1732415565.076154}