{"duration": 0.0005078315734863281, "input_args": {"graph": "<networkx.classes.graph.Graph object at 0x1208fc0d0>"}, "time": 1732415572.300438}