{"duration": 0.00029015541076660156, "input_args": {"graph": "<networkx.classes.graph.Graph object at 0x134714cd0>"}, "time": 1732415561.973987}