{"duration": 0.0005469322204589844, "input_args": {"graph": "<networkx.classes.graph.Graph object at 0x1348182d0>"}, "time": 1732415563.285532}