{"duration": 0.0008440017700195312, "input_args": {"graph": "<networkx.classes.graph.Graph object at 0x134796050>"}, "time": 1732415562.994148}