{"duration": 0.0003018379211425781, "input_args": {"graph": "<networkx.classes.graph.Graph object at 0x1347177d0>"}, "time": 1732415562.3801658}