{"duration": 0.0001761913299560547, "input_args": {"graph": "<networkx.classes.graph.Graph object at 0x134797650>"}, "time": 1732415563.4986722}