{"duration": 0.00026297569274902344, "input_args": {"graph": "<networkx.classes.graph.Graph object at 0x1347142d0>"}, "time": 1732415561.76947}