{"duration": 0.0007967948913574219, "input_args": {"graph": "<networkx.classes.graph.Graph object at 0x134795ed0>"}, "time": 1732415563.237479}