{"duration": 0.0008931159973144531, "input_args": {"graph": "<networkx.classes.graph.Graph object at 0x134795bd0>"}, "time": 1732415564.137573}