{"duration": 0.0007240772247314453, "input_args": {"graph": "<networkx.classes.graph.Graph object at 0x13456e750>"}, "time": 1732415562.055996}