{"duration": 0.0007517337799072266, "input_args": {"graph": "<networkx.classes.graph.Graph object at 0x1347145d0>"}, "time": 1732415562.7075489}