{"duration": 0.0002200603485107422, "input_args": {"graph": "<networkx.classes.graph.Graph object at 0x13481a250>"}, "time": 1732415565.130605}