{"duration": 0.00021505355834960938, "input_args": {"graph": "<networkx.classes.graph.Graph object at 0x134714950>"}, "time": 1732415564.296567}