{"duration": 0.0006170272827148438, "input_args": {"graph": "<networkx.classes.graph.Graph object at 0x1348a11d0>"}, "time": 1732415564.773315}