{"duration": 0.000240325927734375, "input_args": {"graph": "<networkx.classes.graph.Graph object at 0x13456fc50>"}, "time": 1732415561.644246}