{"duration": 0.0008060932159423828, "input_args": {"graph": "<networkx.classes.graph.Graph object at 0x1347168d0>"}, "time": 1732415562.243844}