{"duration": 0.00024318695068359375, "input_args": {"graph": "<networkx.classes.graph.Graph object at 0x134818750>"}, "time": 1732415564.205903}