{"duration": 0.0013802051544189453, "input_args": {"graph": "<networkx.classes.graph.Graph object at 0x13481bf50>"}, "time": 1732415564.9439812}