{"duration": 0.0015168190002441406, "input_args": {"graph": "<networkx.classes.graph.Graph object at 0x134818750>"}, "time": 1732415564.086546}