{"duration": 0.00023102760314941406, "input_args": {"graph": "<networkx.classes.graph.Graph object at 0x134717550>"}, "time": 1732415562.531004}