{"duration": 0.0006918907165527344, "input_args": {"graph": "<networkx.classes.graph.Graph object at 0x13481b950>"}, "time": 1732415564.8439198}