{"duration": 0.0005061626434326172, "input_args": {"graph": "<networkx.classes.graph.Graph object at 0x134819fd0>"}, "time": 1732415565.0154061}