{"duration": 0.00046706199645996094, "input_args": {"graph": "<networkx.classes.graph.Graph object at 0x1348182d0>"}, "time": 1732415564.248734}