{"duration": 0.0002770423889160156, "input_args": {"graph": "<networkx.classes.graph.Graph object at 0x134818950>"}, "time": 1732415565.032321}