{"duration": 0.0008218288421630859, "input_args": {"graph": "<networkx.classes.graph.Graph object at 0x134818dd0>"}, "time": 1732415563.647321}