{"duration": 0.0002231597900390625, "input_args": {"graph": "<networkx.classes.graph.Graph object at 0x13481b3d0>"}, "time": 1732415564.895831}