{"duration": 0.0010919570922851562, "input_args": {"graph": "<networkx.classes.graph.Graph object at 0x134795850>"}, "time": 1732415562.534333}