{"duration": 0.00046825408935546875, "input_args": {"graph": "<networkx.classes.graph.Graph object at 0x13456ce50>"}, "time": 1732415563.2135308}