{"duration": 0.0020177364349365234, "input_args": {"graph": "<networkx.classes.graph.Graph object at 0x13481ad50>"}, "time": 1732415564.675814}