{"duration": 0.0008981227874755859, "input_args": {"graph": "<networkx.classes.graph.Graph object at 0x134795e50>"}, "time": 1732415562.787866}