{"duration": 0.00025773048400878906, "input_args": {"graph": "<networkx.classes.graph.Graph object at 0x134797a50>"}, "time": 1732415563.9643798}