{"duration": 0.0005328655242919922, "input_args": {"graph": "<networkx.classes.graph.Graph object at 0x1347940d0>"}, "time": 1732415562.492183}