{"duration": 0.0008859634399414062, "input_args": {"graph": "<networkx.classes.graph.Graph object at 0x1347156d0>"}, "time": 1732415562.366945}