{"duration": 0.0005087852478027344, "input_args": {"graph": "<networkx.classes.graph.Graph object at 0x1347969d0>"}, "time": 1732415563.240801}