{"duration": 0.00021576881408691406, "input_args": {"graph": "<networkx.classes.graph.Graph object at 0x1347153d0>"}, "time": 1732415563.486366}