{"duration": 0.00027108192443847656, "input_args": {"graph": "<networkx.classes.graph.Graph object at 0x1348a0cd0>"}, "time": 1732415564.6418822}