{"duration": 0.0010418891906738281, "input_args": {"graph": "<networkx.classes.graph.Graph object at 0x13481b450>"}, "time": 1732415564.171616}