{"duration": 0.0004639625549316406, "input_args": {"graph": "<networkx.classes.graph.Graph object at 0x134797250>"}, "time": 1732415563.516613}