{"duration": 0.00019097328186035156, "input_args": {"graph": "<networkx.classes.graph.Graph object at 0x134819ed0>"}, "time": 1732415564.883699}