{"duration": 0.00019979476928710938, "input_args": {"graph": "<networkx.classes.graph.Graph object at 0x134714650>"}, "time": 1732415562.007992}