{"duration": 0.0008587837219238281, "input_args": {"graph": "<networkx.classes.graph.Graph object at 0x134818dd0>"}, "time": 1732415563.93713}