{"duration": 0.00021195411682128906, "input_args": {"graph": "<networkx.classes.graph.Graph object at 0x134818050>"}, "time": 1732415564.320108}