{"duration": 0.00045299530029296875, "input_args": {"graph": "<networkx.classes.graph.Graph object at 0x13456c8d0>"}, "time": 1732415562.795784}