{"duration": 0.0008971691131591797, "input_args": {"graph": "<networkx.classes.graph.Graph object at 0x13481b850>"}, "time": 1732415564.9897652}