{"duration": 0.0002849102020263672, "input_args": {"graph": "<networkx.classes.graph.Graph object at 0x134716b50>"}, "time": 1732415563.380598}