{"duration": 0.00023293495178222656, "input_args": {"graph": "<networkx.classes.graph.Graph object at 0x134818950>"}, "time": 1732415564.564852}