{"duration": 0.0011849403381347656, "input_args": {"graph": "<networkx.classes.graph.Graph object at 0x1348196d0>"}, "time": 1732415563.834734}