{"duration": 0.001936197280883789, "input_args": {"graph": "<networkx.classes.graph.Graph object at 0x13481bed0>"}, "time": 1732415565.043371}