{"duration": 0.00024771690368652344, "input_args": {"graph": "<networkx.classes.graph.Graph object at 0x134795cd0>"}, "time": 1732415562.7816808}