{"duration": 0.0011241436004638672, "input_args": {"graph": "<networkx.classes.graph.Graph object at 0x13481a9d0>"}, "time": 1732415564.746992}