{"duration": 0.00025200843811035156, "input_args": {"graph": "<networkx.classes.graph.Graph object at 0x1348188d0>"}, "time": 1732415563.6710331}