{"duration": 0.0006890296936035156, "input_args": {"graph": "<networkx.classes.graph.Graph object at 0x1348a02d0>"}, "time": 1732415564.547245}