{"duration": 0.000885009765625, "input_args": {"graph": "<networkx.classes.graph.Graph object at 0x1208fe2d0>"}, "time": 1732415571.5956008}