{"duration": 0.0005910396575927734, "input_args": {"graph": "<networkx.classes.graph.Graph object at 0x1347949d0>"}, "time": 1732415562.54937}