{"duration": 0.0008101463317871094, "input_args": {"graph": "<networkx.classes.graph.Graph object at 0x134714d50>"}, "time": 1732415561.84968}