{"duration": 0.0010669231414794922, "input_args": {"graph": "<networkx.classes.graph.Graph object at 0x13481a350>"}, "time": 1732415563.772928}