{"duration": 0.0011429786682128906, "input_args": {"graph": "<networkx.classes.graph.Graph object at 0x1347154d0>"}, "time": 1732415562.29682}