{"duration": 0.0014793872833251953, "input_args": {"graph": "<networkx.classes.graph.Graph object at 0x1348a0fd0>"}, "time": 1732415564.9533162}