{"duration": 0.0008039474487304688, "input_args": {"graph": "<networkx.classes.graph.Graph object at 0x134715350>"}, "time": 1732415562.849349}