{"duration": 0.00084686279296875, "input_args": {"graph": "<networkx.classes.graph.Graph object at 0x13481aa50>"}, "time": 1732415563.9216619}