{"duration": 0.0010209083557128906, "input_args": {"graph": "<networkx.classes.graph.Graph object at 0x134717cd0>"}, "time": 1732415562.213258}