{"duration": 0.00021505355834960938, "input_args": {"graph": "<networkx.classes.graph.Graph object at 0x13481b650>"}, "time": 1732415564.866564}