{"duration": 0.0005309581756591797, "input_args": {"graph": "<networkx.classes.graph.Graph object at 0x134796550>"}, "time": 1732415562.911687}