{"duration": 0.000225067138671875, "input_args": {"graph": "<networkx.classes.graph.Graph object at 0x120a9ced0>"}, "time": 1732415572.361131}