{"duration": 0.0004928112030029297, "input_args": {"graph": "<networkx.classes.graph.Graph object at 0x134797ed0>"}, "time": 1732415564.035538}