{"duration": 0.0001857280731201172, "input_args": {"graph": "<networkx.classes.graph.Graph object at 0x13481a850>"}, "time": 1732415565.2008908}