{"duration": 0.0002288818359375, "input_args": {"graph": "<networkx.classes.graph.Graph object at 0x1347976d0>"}, "time": 1732415563.034304}