{"duration": 0.00021004676818847656, "input_args": {"graph": "<networkx.classes.graph.Graph object at 0x134717650>"}, "time": 1732415562.664047}