{"duration": 0.0017621517181396484, "input_args": {"graph": "<networkx.classes.graph.Graph object at 0x13481a850>"}, "time": 1732415564.920067}