{"duration": 0.0010728836059570312, "input_args": {"graph": "<networkx.classes.graph.Graph object at 0x1347941d0>"}, "time": 1732415563.765152}