{"duration": 0.0005140304565429688, "input_args": {"graph": "<networkx.classes.graph.Graph object at 0x13481ab50>"}, "time": 1732415564.045252}