{"duration": 0.00038504600524902344, "input_args": {"graph": "<networkx.classes.graph.Graph object at 0x134714550>"}, "time": 1732415561.599874}