{"duration": 0.0002448558807373047, "input_args": {"graph": "<networkx.classes.graph.Graph object at 0x13456c550>"}, "time": 1732415562.6255848}