{"duration": 0.0001881122589111328, "input_args": {"graph": "<networkx.classes.graph.Graph object at 0x134819ad0>"}, "time": 1732415564.884684}