{"duration": 0.0004329681396484375, "input_args": {"graph": "<networkx.classes.graph.Graph object at 0x13456f9d0>"}, "time": 1732415561.6993139}