{"duration": 0.0008237361907958984, "input_args": {"graph": "<networkx.classes.graph.Graph object at 0x12099a9d0>"}, "time": 1732415571.5994408}