{"duration": 0.0006201267242431641, "input_args": {"graph": "<networkx.classes.graph.Graph object at 0x13481a7d0>"}, "time": 1732415565.155533}