{"duration": 0.00022602081298828125, "input_args": {"graph": "<networkx.classes.graph.Graph object at 0x13456d050>"}, "time": 1732415562.626486}