{"duration": 0.0010199546813964844, "input_args": {"graph": "<networkx.classes.graph.Graph object at 0x13456d6d0>"}, "time": 1732415562.7648919}