{"duration": 0.0003018379211425781, "input_args": {"graph": "<networkx.classes.graph.Graph object at 0x1348a15d0>"}, "time": 1732415565.144755}