{"duration": 0.0011248588562011719, "input_args": {"graph": "<networkx.classes.graph.Graph object at 0x1348198d0>"}, "time": 1732415563.722281}