{"duration": 0.0004239082336425781, "input_args": {"graph": "<networkx.classes.graph.Graph object at 0x134794f50>"}, "time": 1732415563.3613288}