{"duration": 0.0002448558807373047, "input_args": {"graph": "<networkx.classes.graph.Graph object at 0x134794d50>"}, "time": 1732415563.059476}