{"duration": 0.0004820823669433594, "input_args": {"graph": "<networkx.classes.graph.Graph object at 0x1347969d0>"}, "time": 1732415563.263168}