{"duration": 0.001065969467163086, "input_args": {"graph": "<networkx.classes.graph.Graph object at 0x1347948d0>"}, "time": 1732415562.3177059}