{"duration": 0.0002570152282714844, "input_args": {"graph": "<networkx.classes.graph.Graph object at 0x134715250>"}, "time": 1732415562.381622}