{"duration": 0.0004329681396484375, "input_args": {"graph": "<networkx.classes.graph.Graph object at 0x134794ed0>"}, "time": 1732415562.548244}