{"duration": 0.0002357959747314453, "input_args": {"graph": "<networkx.classes.graph.Graph object at 0x1347140d0>"}, "time": 1732415563.4169228}