{"duration": 0.0012481212615966797, "input_args": {"graph": "<networkx.classes.graph.Graph object at 0x134797950>"}, "time": 1732415564.9926789}