{"duration": 0.00018715858459472656, "input_args": {"graph": "<networkx.classes.graph.Graph object at 0x1348a23d0>"}, "time": 1732415565.137061}