{"duration": 0.00020599365234375, "input_args": {"graph": "<networkx.classes.graph.Graph object at 0x134796c50>"}, "time": 1732415564.293396}