{"duration": 0.00020194053649902344, "input_args": {"graph": "<networkx.classes.graph.Graph object at 0x1344ff7d0>"}, "time": 1732415561.6263711}