{"duration": 0.00043392181396484375, "input_args": {"graph": "<networkx.classes.graph.Graph object at 0x134714ad0>"}, "time": 1732415561.657418}