{"duration": 0.0009589195251464844, "input_args": {"graph": "<networkx.classes.graph.Graph object at 0x13456fc50>"}, "time": 1732415561.865928}