{"duration": 0.0002696514129638672, "input_args": {"graph": "<networkx.classes.graph.Graph object at 0x1348a1150>"}, "time": 1732415564.7609868}