{"duration": 0.0008351802825927734, "input_args": {"graph": "<networkx.classes.graph.Graph object at 0x134819850>"}, "time": 1732415563.682284}