{"duration": 0.0005650520324707031, "input_args": {"graph": "<networkx.classes.graph.Graph object at 0x13456ec50>"}, "time": 1732415561.5981472}