{"duration": 0.00028014183044433594, "input_args": {"graph": "<networkx.classes.graph.Graph object at 0x1347946d0>"}, "time": 1732415562.75229}