{"duration": 0.0014951229095458984, "input_args": {"graph": "<networkx.classes.graph.Graph object at 0x134795bd0>"}, "time": 1732415564.354013}