{"duration": 0.000514984130859375, "input_args": {"graph": "<networkx.classes.graph.Graph object at 0x134795ad0>"}, "time": 1732415562.785968}