{"duration": 0.0005431175231933594, "input_args": {"graph": "<networkx.classes.graph.Graph object at 0x13481b0d0>"}, "time": 1732415563.9690921}