{"duration": 0.0004699230194091797, "input_args": {"graph": "<networkx.classes.graph.Graph object at 0x1347150d0>"}, "time": 1732415561.655222}