{"duration": 0.0011188983917236328, "input_args": {"graph": "<networkx.classes.graph.Graph object at 0x134794250>"}, "time": 1732415562.8160908}