{"duration": 0.0006237030029296875, "input_args": {"graph": "<networkx.classes.graph.Graph object at 0x134716bd0>"}, "time": 1732415561.965556}