{"duration": 0.0002779960632324219, "input_args": {"graph": "<networkx.classes.graph.Graph object at 0x1348181d0>"}, "time": 1732415564.34556}