{"duration": 0.0007658004760742188, "input_args": {"graph": "<networkx.classes.graph.Graph object at 0x1347944d0>"}, "time": 1732415562.437332}