{"duration": 0.00036716461181640625, "input_args": {"graph": "<networkx.classes.graph.Graph object at 0x13456ee50>"}, "time": 1732415561.80536}