{"duration": 0.0004470348358154297, "input_args": {"graph": "<networkx.classes.graph.Graph object at 0x1347967d0>"}, "time": 1732415564.300676}