{"duration": 0.0015261173248291016, "input_args": {"graph": "<networkx.classes.graph.Graph object at 0x134797cd0>"}, "time": 1732415564.350621}