{"duration": 0.0009768009185791016, "input_args": {"graph": "<networkx.classes.graph.Graph object at 0x134714bd0>"}, "time": 1732415561.954348}