{"duration": 0.0004928112030029297, "input_args": {"graph": "<networkx.classes.graph.Graph object at 0x13456ead0>"}, "time": 1732415562.198758}