{"duration": 0.0002009868621826172, "input_args": {"graph": "<networkx.classes.graph.Graph object at 0x134797950>"}, "time": 1732415565.1119711}