{"duration": 0.0006811618804931641, "input_args": {"graph": "<networkx.classes.graph.Graph object at 0x134819fd0>"}, "time": 1732415564.984399}