{"duration": 0.0002617835998535156, "input_args": {"graph": "<networkx.classes.graph.Graph object at 0x13456f8d0>"}, "time": 1732415561.5113869}