{"duration": 0.0001919269561767578, "input_args": {"graph": "<networkx.classes.graph.Graph object at 0x134819e50>"}, "time": 1732415565.1993139}