{"duration": 0.0009701251983642578, "input_args": {"graph": "<networkx.classes.graph.Graph object at 0x1208fd6d0>"}, "time": 1732415572.348018}