{"duration": 0.0005319118499755859, "input_args": {"graph": "<networkx.classes.graph.Graph object at 0x1347143d0>"}, "time": 1732415561.7250838}