{"duration": 0.0007131099700927734, "input_args": {"graph": "<networkx.classes.graph.Graph object at 0x1348a06d0>"}, "time": 1732415564.622137}