{"duration": 0.00024008750915527344, "input_args": {"graph": "<networkx.classes.graph.Graph object at 0x13481a3d0>"}, "time": 1732415564.53249}