{"duration": 0.0003018379211425781, "input_args": {"graph": "<networkx.classes.graph.Graph object at 0x1344fee50>"}, "time": 1732415563.457939}