{"duration": 0.0004761219024658203, "input_args": {"graph": "<networkx.classes.graph.Graph object at 0x134714dd0>"}, "time": 1732415563.288867}