{"duration": 0.0004410743713378906, "input_args": {"graph": "<networkx.classes.graph.Graph object at 0x1347949d0>"}, "time": 1732415562.515811}