{"duration": 0.0002377033233642578, "input_args": {"graph": "<networkx.classes.graph.Graph object at 0x134794d50>"}, "time": 1732415563.27363}