{"duration": 0.0002422332763671875, "input_args": {"graph": "<networkx.classes.graph.Graph object at 0x13456ead0>"}, "time": 1732415561.962222}