{"duration": 0.0006868839263916016, "input_args": {"graph": "<networkx.classes.graph.Graph object at 0x134794050>"}, "time": 1732415562.495593}