{"duration": 0.0002570152282714844, "input_args": {"graph": "<networkx.classes.graph.Graph object at 0x1347150d0>"}, "time": 1732415561.6916301}