{"duration": 0.0005698204040527344, "input_args": {"graph": "<networkx.classes.graph.Graph object at 0x13481a6d0>"}, "time": 1732415564.495771}