{"duration": 0.0005099773406982422, "input_args": {"graph": "<networkx.classes.graph.Graph object at 0x134797dd0>"}, "time": 1732415563.24308}