{"duration": 0.0004820823669433594, "input_args": {"graph": "<networkx.classes.graph.Graph object at 0x134795050>"}, "time": 1732415562.859062}