{"duration": 0.00021219253540039062, "input_args": {"graph": "<networkx.classes.graph.Graph object at 0x13456ddd0>"}, "time": 1732415562.6817012}