{"duration": 0.0009019374847412109, "input_args": {"graph": "<networkx.classes.graph.Graph object at 0x13456edd0>"}, "time": 1732415561.826206}