{"duration": 0.0006053447723388672, "input_args": {"graph": "<networkx.classes.graph.Graph object at 0x13481b350>"}, "time": 1732415564.5635772}