{"duration": 0.0006799697875976562, "input_args": {"graph": "<networkx.classes.graph.Graph object at 0x1347140d0>"}, "time": 1732415563.1361659}