{"duration": 0.0009431838989257812, "input_args": {"graph": "<networkx.classes.graph.Graph object at 0x1348187d0>"}, "time": 1732415563.5815492}