{"duration": 0.0005908012390136719, "input_args": {"graph": "<networkx.classes.graph.Graph object at 0x134819850>"}, "time": 1732415564.0350888}