{"duration": 0.0002124309539794922, "input_args": {"graph": "<networkx.classes.graph.Graph object at 0x134797850>"}, "time": 1732415564.8735092}