{"duration": 0.00024008750915527344, "input_args": {"graph": "<networkx.classes.graph.Graph object at 0x1347947d0>"}, "time": 1732415562.31836}