{"duration": 0.0004980564117431641, "input_args": {"graph": "<networkx.classes.graph.Graph object at 0x1347161d0>"}, "time": 1732415562.173857}