{"duration": 0.00140380859375, "input_args": {"graph": "<networkx.classes.graph.Graph object at 0x1348193d0>"}, "time": 1732415564.434048}