{"duration": 0.0004379749298095703, "input_args": {"graph": "<networkx.classes.graph.Graph object at 0x134797750>"}, "time": 1732415563.355525}