{"duration": 0.0004899501800537109, "input_args": {"graph": "<networkx.classes.graph.Graph object at 0x1347972d0>"}, "time": 1732415563.415752}