{"duration": 0.00021195411682128906, "input_args": {"graph": "<networkx.classes.graph.Graph object at 0x134796450>"}, "time": 1732415563.4707131}