{"duration": 0.00023698806762695312, "input_args": {"graph": "<networkx.classes.graph.Graph object at 0x13481a3d0>"}, "time": 1732415563.865918}