{"duration": 0.00020599365234375, "input_args": {"graph": "<networkx.classes.graph.Graph object at 0x1347954d0>"}, "time": 1732415563.471222}