{"duration": 0.0002009868621826172, "input_args": {"graph": "<networkx.classes.graph.Graph object at 0x13456c650>"}, "time": 1732415564.311459}