{"duration": 0.00051116943359375, "input_args": {"graph": "<networkx.classes.graph.Graph object at 0x134795d50>"}, "time": 1732415562.8142238}