{"duration": 0.00047779083251953125, "input_args": {"graph": "<networkx.classes.graph.Graph object at 0x134714350>"}, "time": 1732415561.722178}