{"duration": 0.0002837181091308594, "input_args": {"graph": "<networkx.classes.graph.Graph object at 0x13456e1d0>"}, "time": 1732415561.4921868}