{"duration": 0.0004496574401855469, "input_args": {"graph": "<networkx.classes.graph.Graph object at 0x1347943d0>"}, "time": 1732415562.747506}