{"duration": 0.0005512237548828125, "input_args": {"graph": "<networkx.classes.graph.Graph object at 0x134797d50>"}, "time": 1732415563.8869472}