{"duration": 0.00023484230041503906, "input_args": {"graph": "<networkx.classes.graph.Graph object at 0x13481a6d0>"}, "time": 1732415564.571253}