{"duration": 0.0002269744873046875, "input_args": {"graph": "<networkx.classes.graph.Graph object at 0x134819d50>"}, "time": 1732415564.250238}