{"duration": 0.0002181529998779297, "input_args": {"graph": "<networkx.classes.graph.Graph object at 0x13456fd50>"}, "time": 1732415562.039767}