{"duration": 0.0001881122589111328, "input_args": {"graph": "<networkx.classes.graph.Graph object at 0x13456c550>"}, "time": 1732415562.650054}