{"duration": 0.0002129077911376953, "input_args": {"graph": "<networkx.classes.graph.Graph object at 0x1348a1fd0>"}, "time": 1732415565.138655}