{"duration": 0.0004742145538330078, "input_args": {"graph": "<networkx.classes.graph.Graph object at 0x134818950>"}, "time": 1732415563.904858}