{"duration": 0.00019502639770507812, "input_args": {"graph": "<networkx.classes.graph.Graph object at 0x1347975d0>"}, "time": 1732415564.291917}