{"duration": 0.001032114028930664, "input_args": {"graph": "<networkx.classes.graph.Graph object at 0x13456f050>"}, "time": 1732415562.217531}