{"duration": 0.0008299350738525391, "input_args": {"graph": "<networkx.classes.graph.Graph object at 0x13456dad0>"}, "time": 1732415561.8634582}