{"duration": 0.0006430149078369141, "input_args": {"graph": "<networkx.classes.graph.Graph object at 0x13456d7d0>"}, "time": 1732415561.453064}