{"duration": 0.0007429122924804688, "input_args": {"graph": "<networkx.classes.graph.Graph object at 0x13456d350>"}, "time": 1732415561.494528}