{"duration": 0.0002541542053222656, "input_args": {"graph": "<networkx.classes.graph.Graph object at 0x134717ad0>"}, "time": 1732415562.195646}