{"duration": 0.0005381107330322266, "input_args": {"graph": "<networkx.classes.graph.Graph object at 0x134819c50>"}, "time": 1732415564.103491}