{"duration": 0.0005261898040771484, "input_args": {"graph": "<networkx.classes.graph.Graph object at 0x13456ddd0>"}, "time": 1732415562.281481}