{"duration": 0.0002830028533935547, "input_args": {"graph": "<networkx.classes.graph.Graph object at 0x134714550>"}, "time": 1732415561.622638}