{"duration": 0.0008409023284912109, "input_args": {"graph": "<networkx.classes.graph.Graph object at 0x13481a250>"}, "time": 1732415564.2044249}