{"duration": 0.0005009174346923828, "input_args": {"graph": "<networkx.classes.graph.Graph object at 0x1348a08d0>"}, "time": 1732415564.472996}