{"duration": 0.0007700920104980469, "input_args": {"graph": "<networkx.classes.graph.Graph object at 0x1347949d0>"}, "time": 1732415562.493345}