{"duration": 0.0003657341003417969, "input_args": {"graph": "<networkx.classes.graph.Graph object at 0x1347950d0>"}, "time": 1732415563.5038888}