{"duration": 0.0015621185302734375, "input_args": {"graph": "<networkx.classes.graph.Graph object at 0x13481ab50>"}, "time": 1732415564.499618}