{"duration": 0.00035881996154785156, "input_args": {"graph": "<networkx.classes.graph.Graph object at 0x13456f750>"}, "time": 1732415562.108214}