{"duration": 0.0009472370147705078, "input_args": {"graph": "<networkx.classes.graph.Graph object at 0x134818d50>"}, "time": 1732415564.494724}