{"duration": 0.0009312629699707031, "input_args": {"graph": "<networkx.classes.graph.Graph object at 0x13481be50>"}, "time": 1732415564.611916}