{"duration": 0.00047779083251953125, "input_args": {"graph": "<networkx.classes.graph.Graph object at 0x134796f50>"}, "time": 1732415563.083361}