{"duration": 0.000209808349609375, "input_args": {"graph": "<networkx.classes.graph.Graph object at 0x13456ea50>"}, "time": 1732415562.0063128}