{"duration": 0.0007507801055908203, "input_args": {"graph": "<networkx.classes.graph.Graph object at 0x134714c50>"}, "time": 1732415561.872722}