{"duration": 0.00022602081298828125, "input_args": {"graph": "<networkx.classes.graph.Graph object at 0x1348a0f50>"}, "time": 1732415564.900366}