{"duration": 0.0002689361572265625, "input_args": {"graph": "<networkx.classes.graph.Graph object at 0x1347941d0>"}, "time": 1732415563.595934}