{"duration": 0.0006341934204101562, "input_args": {"graph": "<networkx.classes.graph.Graph object at 0x134796ed0>"}, "time": 1732415563.585571}