{"duration": 0.00042128562927246094, "input_args": {"graph": "<networkx.classes.graph.Graph object at 0x1344fefd0>"}, "time": 1732415561.530925}