{"duration": 0.0015740394592285156, "input_args": {"graph": "<networkx.classes.graph.Graph object at 0x1348a15d0>"}, "time": 1732415564.794754}