{"duration": 0.001538991928100586, "input_args": {"graph": "<networkx.classes.graph.Graph object at 0x1347974d0>"}, "time": 1732415563.233668}