{"duration": 0.0004420280456542969, "input_args": {"graph": "<networkx.classes.graph.Graph object at 0x13456d3d0>"}, "time": 1732415562.6235788}