{"duration": 0.0008509159088134766, "input_args": {"graph": "<networkx.classes.graph.Graph object at 0x13456f250>"}, "time": 1732415564.513193}