{"duration": 0.00022792816162109375, "input_args": {"graph": "<networkx.classes.graph.Graph object at 0x134819d50>"}, "time": 1732415564.866025}