{"duration": 0.00019359588623046875, "input_args": {"graph": "<networkx.classes.graph.Graph object at 0x134715cd0>"}, "time": 1732415562.6710248}