{"duration": 0.0013980865478515625, "input_args": {"graph": "<networkx.classes.graph.Graph object at 0x1347941d0>"}, "time": 1732415562.924327}