{"duration": 0.0016901493072509766, "input_args": {"graph": "<networkx.classes.graph.Graph object at 0x134818fd0>"}, "time": 1732415563.853912}