{"duration": 0.0011408329010009766, "input_args": {"graph": "<networkx.classes.graph.Graph object at 0x134796150>"}, "time": 1732415563.301952}