{"duration": 0.0001800060272216797, "input_args": {"graph": "<networkx.classes.graph.Graph object at 0x1344fefd0>"}, "time": 1732415561.567722}