{"duration": 0.0010809898376464844, "input_args": {"graph": "<networkx.classes.graph.Graph object at 0x1347960d0>"}, "time": 1732415563.299671}