{"duration": 0.0007948875427246094, "input_args": {"graph": "<networkx.classes.graph.Graph object at 0x134818850>"}, "time": 1732415563.631847}