{"duration": 0.0002391338348388672, "input_args": {"graph": "<networkx.classes.graph.Graph object at 0x134715ed0>"}, "time": 1732415561.8046021}