{"duration": 0.000553131103515625, "input_args": {"graph": "<networkx.classes.graph.Graph object at 0x134819ad0>"}, "time": 1732415563.723319}