{"duration": 0.00023293495178222656, "input_args": {"graph": "<networkx.classes.graph.Graph object at 0x1348a0450>"}, "time": 1732415564.893507}