{"duration": 0.0008349418640136719, "input_args": {"graph": "<networkx.classes.graph.Graph object at 0x1348a05d0>"}, "time": 1732415564.564755}