{"duration": 0.00047898292541503906, "input_args": {"graph": "<networkx.classes.graph.Graph object at 0x1347171d0>"}, "time": 1732415562.030455}