{"duration": 0.0005548000335693359, "input_args": {"graph": "<networkx.classes.graph.Graph object at 0x134794d50>"}, "time": 1732415562.908449}