{"duration": 0.0009286403656005859, "input_args": {"graph": "<networkx.classes.graph.Graph object at 0x1348191d0>"}, "time": 1732415564.1169438}