{"duration": 0.0003750324249267578, "input_args": {"graph": "<networkx.classes.graph.Graph object at 0x1348a10d0>"}, "time": 1732415565.0037482}