{"duration": 0.00022602081298828125, "input_args": {"graph": "<networkx.classes.graph.Graph object at 0x13456c3d0>"}, "time": 1732415563.459641}