{"duration": 0.00040793418884277344, "input_args": {"graph": "<networkx.classes.graph.Graph object at 0x13456eed0>"}, "time": 1732415562.0049531}