{"duration": 0.0010709762573242188, "input_args": {"graph": "<networkx.classes.graph.Graph object at 0x1347967d0>"}, "time": 1732415563.126199}