{"duration": 0.00022411346435546875, "input_args": {"graph": "<networkx.classes.graph.Graph object at 0x1347960d0>"}, "time": 1732415564.869857}