{"duration": 0.0010118484497070312, "input_args": {"graph": "<networkx.classes.graph.Graph object at 0x1347156d0>"}, "time": 1732415562.4009159}