{"duration": 0.0002391338348388672, "input_args": {"graph": "<networkx.classes.graph.Graph object at 0x1348a09d0>"}, "time": 1732415564.6029701}