{"duration": 0.0002429485321044922, "input_args": {"graph": "<networkx.classes.graph.Graph object at 0x1348a14d0>"}, "time": 1732415564.7948968}