{"duration": 0.0002551078796386719, "input_args": {"graph": "<networkx.classes.graph.Graph object at 0x134796dd0>"}, "time": 1732415563.1123672}