{"duration": 0.0005779266357421875, "input_args": {"graph": "<networkx.classes.graph.Graph object at 0x13456cd50>"}, "time": 1732415562.909724}