{"duration": 0.0010368824005126953, "input_args": {"graph": "<networkx.classes.graph.Graph object at 0x134819c50>"}, "time": 1732415563.918489}