{"duration": 0.0007429122924804688, "input_args": {"graph": "<networkx.classes.graph.Graph object at 0x13456dd50>"}, "time": 1732415562.594334}