{"duration": 0.0003440380096435547, "input_args": {"graph": "<networkx.classes.graph.Graph object at 0x1347159d0>"}, "time": 1732415561.971298}