{"duration": 0.0006871223449707031, "input_args": {"graph": "<networkx.classes.graph.Graph object at 0x13481a1d0>"}, "time": 1732415563.877547}