{"duration": 0.0003116130828857422, "input_args": {"graph": "<networkx.classes.graph.Graph object at 0x1208ff350>"}, "time": 1732415571.8760178}