{"duration": 0.00026702880859375, "input_args": {"graph": "<networkx.classes.graph.Graph object at 0x13456ead0>"}, "time": 1732415561.791997}