{"duration": 0.00048732757568359375, "input_args": {"graph": "<networkx.classes.graph.Graph object at 0x13456d0d0>"}, "time": 1732415562.6292322}