{"duration": 0.0012247562408447266, "input_args": {"graph": "<networkx.classes.graph.Graph object at 0x134796ed0>"}, "time": 1732415563.0725849}