{"duration": 0.0009100437164306641, "input_args": {"graph": "<networkx.classes.graph.Graph object at 0x134795f50>"}, "time": 1732415563.980149}