{"duration": 0.0002741813659667969, "input_args": {"graph": "<networkx.classes.graph.Graph object at 0x134714ed0>"}, "time": 1732415561.7794292}