{"duration": 0.0002543926239013672, "input_args": {"graph": "<networkx.classes.graph.Graph object at 0x134797850>"}, "time": 1732415564.0517602}