{"duration": 0.0005490779876708984, "input_args": {"graph": "<networkx.classes.graph.Graph object at 0x134714a50>"}, "time": 1732415562.3444521}