{"duration": 0.0002827644348144531, "input_args": {"graph": "<networkx.classes.graph.Graph object at 0x13481a850>"}, "time": 1732415564.970805}