{"duration": 0.00047206878662109375, "input_args": {"graph": "<networkx.classes.graph.Graph object at 0x134716f50>"}, "time": 1732415562.3597739}