{"duration": 0.0005557537078857422, "input_args": {"graph": "<networkx.classes.graph.Graph object at 0x13481bad0>"}, "time": 1732415564.610683}