{"duration": 0.0002491474151611328, "input_args": {"graph": "<networkx.classes.graph.Graph object at 0x13481ab50>"}, "time": 1732415564.076769}