{"duration": 0.0005261898040771484, "input_args": {"graph": "<networkx.classes.graph.Graph object at 0x1347941d0>"}, "time": 1732415562.958164}