{"duration": 0.0008649826049804688, "input_args": {"graph": "<networkx.classes.graph.Graph object at 0x13456f050>"}, "time": 1732415561.5131829}