{"duration": 0.0004909038543701172, "input_args": {"graph": "<networkx.classes.graph.Graph object at 0x134717350>"}, "time": 1732415562.228773}