{"duration": 0.0008063316345214844, "input_args": {"graph": "<networkx.classes.graph.Graph object at 0x134717e50>"}, "time": 1732415562.2780852}