{"duration": 0.0007700920104980469, "input_args": {"graph": "<networkx.classes.graph.Graph object at 0x134819550>"}, "time": 1732415563.6658251}