{"duration": 0.0003249645233154297, "input_args": {"graph": "<networkx.classes.graph.Graph object at 0x134797c50>"}, "time": 1732415563.791179}