{"duration": 0.0008208751678466797, "input_args": {"graph": "<networkx.classes.graph.Graph object at 0x134716850>"}, "time": 1732415562.1524212}