{"duration": 0.00036525726318359375, "input_args": {"graph": "<networkx.classes.graph.Graph object at 0x134715350>"}, "time": 1732415561.6237912}