{"duration": 0.00029206275939941406, "input_args": {"graph": "<networkx.classes.graph.Graph object at 0x13456e550>"}, "time": 1732415563.515876}