{"duration": 0.0006060600280761719, "input_args": {"graph": "<networkx.classes.graph.Graph object at 0x134797cd0>"}, "time": 1732415564.1726851}