{"duration": 0.0005791187286376953, "input_args": {"graph": "<networkx.classes.graph.Graph object at 0x13481b250>"}, "time": 1732415564.364002}