{"duration": 0.0012469291687011719, "input_args": {"graph": "<networkx.classes.graph.Graph object at 0x134714dd0>"}, "time": 1732415563.1122298}