{"duration": 0.0009579658508300781, "input_args": {"graph": "<networkx.classes.graph.Graph object at 0x13456efd0>"}, "time": 1732415561.459796}