{"duration": 0.00022721290588378906, "input_args": {"graph": "<networkx.classes.graph.Graph object at 0x13456e5d0>"}, "time": 1732415562.0886972}