{"duration": 0.00019407272338867188, "input_args": {"graph": "<networkx.classes.graph.Graph object at 0x134794e50>"}, "time": 1732415563.4666932}