{"duration": 0.001190185546875, "input_args": {"graph": "<networkx.classes.graph.Graph object at 0x1348a0950>"}, "time": 1732415565.072741}