{"duration": 0.0003521442413330078, "input_args": {"graph": "<networkx.classes.graph.Graph object at 0x134714950>"}, "time": 1732415563.632155}