{"duration": 0.0004780292510986328, "input_args": {"graph": "<networkx.classes.graph.Graph object at 0x134714f50>"}, "time": 1732415561.673297}