{"duration": 0.00020599365234375, "input_args": {"graph": "<networkx.classes.graph.Graph object at 0x134715fd0>"}, "time": 1732415562.1641018}