{"duration": 0.0008578300476074219, "input_args": {"graph": "<networkx.classes.graph.Graph object at 0x134796c50>"}, "time": 1732415563.121801}