{"duration": 0.0005371570587158203, "input_args": {"graph": "<networkx.classes.graph.Graph object at 0x134717e50>"}, "time": 1732415563.329142}