{"duration": 0.0005002021789550781, "input_args": {"graph": "<networkx.classes.graph.Graph object at 0x134716150>"}, "time": 1732415561.8541172}