{"duration": 0.00027298927307128906, "input_args": {"graph": "<networkx.classes.graph.Graph object at 0x134819050>"}, "time": 1732415564.303463}