{"duration": 0.00019884109497070312, "input_args": {"graph": "<networkx.classes.graph.Graph object at 0x134819250>"}, "time": 1732415564.319597}