{"duration": 0.00018405914306640625, "input_args": {"graph": "<networkx.classes.graph.Graph object at 0x1347955d0>"}, "time": 1732415563.468116}