{"duration": 0.0007202625274658203, "input_args": {"graph": "<networkx.classes.graph.Graph object at 0x134714150>"}, "time": 1732415563.02847}