{"duration": 0.0009667873382568359, "input_args": {"graph": "<networkx.classes.graph.Graph object at 0x1347159d0>"}, "time": 1732415562.505406}