{"duration": 0.00024127960205078125, "input_args": {"graph": "<networkx.classes.graph.Graph object at 0x1347965d0>"}, "time": 1732415563.285551}