{"duration": 0.0009200572967529297, "input_args": {"graph": "<networkx.classes.graph.Graph object at 0x1348a0850>"}, "time": 1732415564.5980082}