{"duration": 0.00020694732666015625, "input_args": {"graph": "<networkx.classes.graph.Graph object at 0x134716150>"}, "time": 1732415562.681189}