{"duration": 0.0003361701965332031, "input_args": {"graph": "<networkx.classes.graph.Graph object at 0x134715cd0>"}, "time": 1732415562.132747}