{"duration": 0.0011138916015625, "input_args": {"graph": "<networkx.classes.graph.Graph object at 0x13456e550>"}, "time": 1732415562.844477}