{"duration": 0.0005438327789306641, "input_args": {"graph": "<networkx.classes.graph.Graph object at 0x134717ed0>"}, "time": 1732415562.3483489}