{"duration": 0.0010671615600585938, "input_args": {"graph": "<networkx.classes.graph.Graph object at 0x134818fd0>"}, "time": 1732415563.601095}