{"duration": 0.00060272216796875, "input_args": {"graph": "<networkx.classes.graph.Graph object at 0x13456e6d0>"}, "time": 1732415562.97184}