{"duration": 0.0011317729949951172, "input_args": {"graph": "<networkx.classes.graph.Graph object at 0x1348199d0>"}, "time": 1732415563.9319198}