{"duration": 0.0010950565338134766, "input_args": {"graph": "<networkx.classes.graph.Graph object at 0x134715750>"}, "time": 1732415561.83707}