{"duration": 0.0007238388061523438, "input_args": {"graph": "<networkx.classes.graph.Graph object at 0x134794250>"}, "time": 1732415562.4999838}