{"duration": 0.00025391578674316406, "input_args": {"graph": "<networkx.classes.graph.Graph object at 0x134818050>"}, "time": 1732415563.61654}