{"duration": 0.0008859634399414062, "input_args": {"graph": "<networkx.classes.graph.Graph object at 0x1348a1150>"}, "time": 1732415564.700532}