{"duration": 0.0005080699920654297, "input_args": {"graph": "<networkx.classes.graph.Graph object at 0x1347152d0>"}, "time": 1732415561.833466}