{"duration": 0.00350189208984375, "input_args": {"graph": "<networkx.classes.graph.Graph object at 0x1348a2250>"}, "time": 1732415565.070475}