{"duration": 0.00045299530029296875, "input_args": {"graph": "<networkx.classes.graph.Graph object at 0x13456f2d0>"}, "time": 1732415561.831208}