{"duration": 0.0005559921264648438, "input_args": {"graph": "<networkx.classes.graph.Graph object at 0x134818a50>"}, "time": 1732415563.829338}