{"duration": 0.00022411346435546875, "input_args": {"graph": "<networkx.classes.graph.Graph object at 0x134818f50>"}, "time": 1732415564.976097}