{"duration": 0.0004837512969970703, "input_args": {"graph": "<networkx.classes.graph.Graph object at 0x134714150>"}, "time": 1732415563.24964}