{"duration": 0.0010852813720703125, "input_args": {"graph": "<networkx.classes.graph.Graph object at 0x1347974d0>"}, "time": 1732415563.0125172}