{"duration": 0.00024890899658203125, "input_args": {"graph": "<networkx.classes.graph.Graph object at 0x134714bd0>"}, "time": 1732415562.271976}