{"duration": 0.0004899501800537109, "input_args": {"graph": "<networkx.classes.graph.Graph object at 0x134714d50>"}, "time": 1732415561.882747}