{"duration": 0.0005571842193603516, "input_args": {"graph": "<networkx.classes.graph.Graph object at 0x1347963d0>"}, "time": 1732415562.812298}