{"duration": 0.00033926963806152344, "input_args": {"graph": "<networkx.classes.graph.Graph object at 0x134818150>"}, "time": 1732415563.740195}