{"duration": 0.0002789497375488281, "input_args": {"graph": "<networkx.classes.graph.Graph object at 0x134818cd0>"}, "time": 1732415565.08196}