{"duration": 0.0012211799621582031, "input_args": {"graph": "<networkx.classes.graph.Graph object at 0x1347973d0>"}, "time": 1732415563.1981661}