{"duration": 0.0005600452423095703, "input_args": {"graph": "<networkx.classes.graph.Graph object at 0x13481b150>"}, "time": 1732415564.390243}