{"duration": 0.0007808208465576172, "input_args": {"graph": "<networkx.classes.graph.Graph object at 0x134715e50>"}, "time": 1732415561.85192}