{"duration": 0.0007741451263427734, "input_args": {"graph": "<networkx.classes.graph.Graph object at 0x1208fddd0>"}, "time": 1732415571.5975082}