{"duration": 0.0002200603485107422, "input_args": {"graph": "<networkx.classes.graph.Graph object at 0x1347179d0>"}, "time": 1732415563.457317}