{"duration": 0.0012791156768798828, "input_args": {"graph": "<networkx.classes.graph.Graph object at 0x134794d50>"}, "time": 1732415562.980315}