{"duration": 0.0005040168762207031, "input_args": {"graph": "<networkx.classes.graph.Graph object at 0x134714350>"}, "time": 1732415562.744069}