{"duration": 0.00027179718017578125, "input_args": {"graph": "<networkx.classes.graph.Graph object at 0x1344ff950>"}, "time": 1732415562.586324}