{"duration": 0.0006670951843261719, "input_args": {"graph": "<networkx.classes.graph.Graph object at 0x13481bd50>"}, "time": 1732415564.826708}