{"duration": 0.0001862049102783203, "input_args": {"graph": "<networkx.classes.graph.Graph object at 0x1347962d0>"}, "time": 1732415563.4806201}