{"duration": 0.00033402442932128906, "input_args": {"graph": "<networkx.classes.graph.Graph object at 0x134715a50>"}, "time": 1732415561.86812}