{"duration": 0.0003998279571533203, "input_args": {"graph": "<networkx.classes.graph.Graph object at 0x13456d550>"}, "time": 1732415561.7365918}