{"duration": 0.00027489662170410156, "input_args": {"graph": "<networkx.classes.graph.Graph object at 0x134714350>"}, "time": 1732415562.274713}