{"duration": 0.0005197525024414062, "input_args": {"graph": "<networkx.classes.graph.Graph object at 0x134716dd0>"}, "time": 1732415562.509364}