{"duration": 0.0007519721984863281, "input_args": {"graph": "<networkx.classes.graph.Graph object at 0x134797b50>"}, "time": 1732415563.215745}