{"duration": 0.00096893310546875, "input_args": {"graph": "<networkx.classes.graph.Graph object at 0x1347175d0>"}, "time": 1732415562.1098208}