{"duration": 0.000743865966796875, "input_args": {"graph": "<networkx.classes.graph.Graph object at 0x1347172d0>"}, "time": 1732415562.185361}