{"duration": 0.0005052089691162109, "input_args": {"graph": "<networkx.classes.graph.Graph object at 0x134819ad0>"}, "time": 1732415563.9203682}