{"duration": 0.0008661746978759766, "input_args": {"graph": "<networkx.classes.graph.Graph object at 0x134797350>"}, "time": 1732415563.374273}