{"duration": 0.0002827644348144531, "input_args": {"graph": "<networkx.classes.graph.Graph object at 0x1347948d0>"}, "time": 1732415563.3986719}