{"duration": 0.0010600090026855469, "input_args": {"graph": "<networkx.classes.graph.Graph object at 0x134794850>"}, "time": 1732415562.637354}