{"duration": 0.0004589557647705078, "input_args": {"graph": "<networkx.classes.graph.Graph object at 0x134796150>"}, "time": 1732415563.259476}