{"duration": 0.0002951622009277344, "input_args": {"graph": "<networkx.classes.graph.Graph object at 0x13456dad0>"}, "time": 1732415562.1360362}