{"duration": 0.000530242919921875, "input_args": {"graph": "<networkx.classes.graph.Graph object at 0x1347148d0>"}, "time": 1732415561.600825}