{"duration": 0.0007071495056152344, "input_args": {"graph": "<networkx.classes.graph.Graph object at 0x134715f50>"}, "time": 1732415561.997605}