{"duration": 0.0006346702575683594, "input_args": {"graph": "<networkx.classes.graph.Graph object at 0x13481b050>"}, "time": 1732415564.446325}