{"duration": 0.00047016143798828125, "input_args": {"graph": "<networkx.classes.graph.Graph object at 0x134715f50>"}, "time": 1732415562.004585}