{"duration": 0.0005512237548828125, "input_args": {"graph": "<networkx.classes.graph.Graph object at 0x134795f50>"}, "time": 1732415564.172121}