{"duration": 0.0015358924865722656, "input_args": {"graph": "<networkx.classes.graph.Graph object at 0x1348193d0>"}, "time": 1732415564.1771069}