{"duration": 0.00021886825561523438, "input_args": {"graph": "<networkx.classes.graph.Graph object at 0x13456d250>"}, "time": 1732415562.094663}