{"duration": 0.0009882450103759766, "input_args": {"graph": "<networkx.classes.graph.Graph object at 0x1208ff6d0>"}, "time": 1732415572.350712}