{"duration": 0.000240325927734375, "input_args": {"graph": "<networkx.classes.graph.Graph object at 0x1348a07d0>"}, "time": 1732415564.6992562}