{"duration": 0.0002148151397705078, "input_args": {"graph": "<networkx.classes.graph.Graph object at 0x1347148d0>"}, "time": 1732415562.04296}