{"duration": 0.0007717609405517578, "input_args": {"graph": "<networkx.classes.graph.Graph object at 0x134797bd0>"}, "time": 1732415563.3237839}