{"duration": 0.0005161762237548828, "input_args": {"graph": "<networkx.classes.graph.Graph object at 0x134818ad0>"}, "time": 1732415564.7859352}