{"duration": 0.00024080276489257812, "input_args": {"graph": "<networkx.classes.graph.Graph object at 0x13456f150>"}, "time": 1732415561.638315}