{"duration": 0.0002689361572265625, "input_args": {"graph": "<networkx.classes.graph.Graph object at 0x13456ee50>"}, "time": 1732415561.460765}