{"duration": 0.0008628368377685547, "input_args": {"graph": "<networkx.classes.graph.Graph object at 0x1344ff7d0>"}, "time": 1732415561.4521332}