{"duration": 0.0010848045349121094, "input_args": {"graph": "<networkx.classes.graph.Graph object at 0x125497950>"}, "time": 1732415592.936775}