{"duration": 0.0010471343994140625, "input_args": {"graph": "<networkx.classes.graph.Graph object at 0x134716450>"}, "time": 1732415562.397686}