{"duration": 0.0006320476531982422, "input_args": {"graph": "<networkx.classes.graph.Graph object at 0x1348a0350>"}, "time": 1732415564.62147}