{"duration": 0.0007297992706298828, "input_args": {"graph": "<networkx.classes.graph.Graph object at 0x134795750>"}, "time": 1732415562.799965}