{"duration": 0.001100778579711914, "input_args": {"graph": "<networkx.classes.graph.Graph object at 0x1347169d0>"}, "time": 1732415561.947634}