{"duration": 0.0014030933380126953, "input_args": {"graph": "<networkx.classes.graph.Graph object at 0x13481ba50>"}, "time": 1732415565.002862}