{"duration": 0.0008146762847900391, "input_args": {"graph": "<networkx.classes.graph.Graph object at 0x134797150>"}, "time": 1732415562.9731379}