{"duration": 0.0002892017364501953, "input_args": {"graph": "<networkx.classes.graph.Graph object at 0x1347149d0>"}, "time": 1732415561.726463}