{"duration": 0.00021314620971679688, "input_args": {"graph": "<networkx.classes.graph.Graph object at 0x134716dd0>"}, "time": 1732415562.413491}