{"duration": 0.0011892318725585938, "input_args": {"graph": "<networkx.classes.graph.Graph object at 0x134819ed0>"}, "time": 1732415563.813869}