{"duration": 0.0005638599395751953, "input_args": {"graph": "<networkx.classes.graph.Graph object at 0x13456ded0>"}, "time": 1732415561.5420759}