{"duration": 0.00020122528076171875, "input_args": {"graph": "<networkx.classes.graph.Graph object at 0x13456f4d0>"}, "time": 1732415561.5831082}