{"duration": 0.00033092498779296875, "input_args": {"graph": "<networkx.classes.graph.Graph object at 0x134797650>"}, "time": 1732415563.172315}