{"duration": 0.0005829334259033203, "input_args": {"graph": "<networkx.classes.graph.Graph object at 0x1347142d0>"}, "time": 1732415561.501169}