{"duration": 0.0008158683776855469, "input_args": {"graph": "<networkx.classes.graph.Graph object at 0x134715f50>"}, "time": 1732415562.1730509}