{"duration": 0.0012009143829345703, "input_args": {"graph": "<networkx.classes.graph.Graph object at 0x13481a1d0>"}, "time": 1732415564.554336}