{"duration": 0.00022220611572265625, "input_args": {"graph": "<networkx.classes.graph.Graph object at 0x134714bd0>"}, "time": 1732415561.977338}