{"duration": 0.0002608299255371094, "input_args": {"graph": "<networkx.classes.graph.Graph object at 0x134797cd0>"}, "time": 1732415563.862336}