{"duration": 0.0002532005310058594, "input_args": {"graph": "<networkx.classes.graph.Graph object at 0x1347978d0>"}, "time": 1732415563.585647}