{"duration": 0.00030994415283203125, "input_args": {"graph": "<networkx.classes.graph.Graph object at 0x1348a1ed0>"}, "time": 1732415564.970787}