{"duration": 0.0002181529998779297, "input_args": {"graph": "<networkx.classes.graph.Graph object at 0x13456d250>"}, "time": 1732415561.625557}