{"duration": 0.0007526874542236328, "input_args": {"graph": "<networkx.classes.graph.Graph object at 0x13456dc50>"}, "time": 1732415561.3987808}