{"duration": 0.00021719932556152344, "input_args": {"graph": "<networkx.classes.graph.Graph object at 0x13456c650>"}, "time": 1732415563.7234292}