{"duration": 0.0005249977111816406, "input_args": {"graph": "<networkx.classes.graph.Graph object at 0x134797dd0>"}, "time": 1732415563.262253}