{"duration": 0.00037097930908203125, "input_args": {"graph": "<networkx.classes.graph.Graph object at 0x134715950>"}, "time": 1732415561.856908}