{"duration": 0.0004487037658691406, "input_args": {"graph": "<networkx.classes.graph.Graph object at 0x134717650>"}, "time": 1732415562.1323898}