{"duration": 0.0006587505340576172, "input_args": {"graph": "<networkx.classes.graph.Graph object at 0x134819bd0>"}, "time": 1732415564.4051578}