{"duration": 0.0005428791046142578, "input_args": {"graph": "<networkx.classes.graph.Graph object at 0x1347967d0>"}, "time": 1732415562.831585}