{"duration": 0.0008447170257568359, "input_args": {"graph": "<networkx.classes.graph.Graph object at 0x134716f50>"}, "time": 1732415562.3531678}