{"duration": 0.0007290840148925781, "input_args": {"graph": "<networkx.classes.graph.Graph object at 0x1348a1ad0>"}, "time": 1732415564.986263}