{"duration": 0.0010738372802734375, "input_args": {"graph": "<networkx.classes.graph.Graph object at 0x1348183d0>"}, "time": 1732415563.757174}