{"duration": 0.00026535987854003906, "input_args": {"graph": "<networkx.classes.graph.Graph object at 0x1208ff1d0>"}, "time": 1732415572.6566021}