{"duration": 0.0004971027374267578, "input_args": {"graph": "<networkx.classes.graph.Graph object at 0x1347952d0>"}, "time": 1732415562.498423}