{"duration": 0.000514984130859375, "input_args": {"graph": "<networkx.classes.graph.Graph object at 0x1347143d0>"}, "time": 1732415561.799118}