{"duration": 0.0010290145874023438, "input_args": {"graph": "<networkx.classes.graph.Graph object at 0x134714dd0>"}, "time": 1732415563.312881}