{"duration": 0.000392913818359375, "input_args": {"graph": "<networkx.classes.graph.Graph object at 0x13456f6d0>"}, "time": 1732415561.535991}