{"duration": 0.0012559890747070312, "input_args": {"graph": "<networkx.classes.graph.Graph object at 0x1348a0fd0>"}, "time": 1732415564.930484}