{"duration": 0.0004119873046875, "input_args": {"graph": "<networkx.classes.graph.Graph object at 0x1344fff50>"}, "time": 1732415561.624903}