{"duration": 0.00026297569274902344, "input_args": {"graph": "<networkx.classes.graph.Graph object at 0x13456ce50>"}, "time": 1732415562.881484}