{"duration": 0.0005822181701660156, "input_args": {"graph": "<networkx.classes.graph.Graph object at 0x1348a16d0>"}, "time": 1732415564.8131661}