{"duration": 0.00115203857421875, "input_args": {"graph": "<networkx.classes.graph.Graph object at 0x134796350>"}, "time": 1732415562.991827}