{"duration": 0.00027489662170410156, "input_args": {"graph": "<networkx.classes.graph.Graph object at 0x1344ffbd0>"}, "time": 1732415562.697005}