{"duration": 0.0002048015594482422, "input_args": {"graph": "<networkx.classes.graph.Graph object at 0x134717d50>"}, "time": 1732415562.6822028}