{"duration": 0.001313924789428711, "input_args": {"graph": "<networkx.classes.graph.Graph object at 0x134714050>"}, "time": 1732415561.8885791}