{"duration": 0.0006730556488037109, "input_args": {"graph": "<networkx.classes.graph.Graph object at 0x1348a0dd0>"}, "time": 1732415564.966961}