{"duration": 0.00023984909057617188, "input_args": {"graph": "<networkx.classes.graph.Graph object at 0x134716d50>"}, "time": 1732415562.2242298}