{"duration": 0.00048279762268066406, "input_args": {"graph": "<networkx.classes.graph.Graph object at 0x134714ed0>"}, "time": 1732415562.5059268}