{"duration": 0.0013928413391113281, "input_args": {"graph": "<networkx.classes.graph.Graph object at 0x13481b1d0>"}, "time": 1732415565.005533}