{"duration": 0.0005209445953369141, "input_args": {"graph": "<networkx.classes.graph.Graph object at 0x1347966d0>"}, "time": 1732415562.946421}