{"duration": 0.0009458065032958984, "input_args": {"graph": "<networkx.classes.graph.Graph object at 0x1208ffd50>"}, "time": 1732415572.3529952}