{"duration": 0.0004401206970214844, "input_args": {"graph": "<networkx.classes.graph.Graph object at 0x134797dd0>"}, "time": 1732415563.354614}