{"duration": 0.0005252361297607422, "input_args": {"graph": "<networkx.classes.graph.Graph object at 0x134714cd0>"}, "time": 1732415561.726262}