{"duration": 0.00019669532775878906, "input_args": {"graph": "<networkx.classes.graph.Graph object at 0x134714bd0>"}, "time": 1732415561.996628}