{"duration": 0.0005087852478027344, "input_args": {"graph": "<networkx.classes.graph.Graph object at 0x134717a50>"}, "time": 1732415562.4833338}