{"duration": 0.0002961158752441406, "input_args": {"graph": "<networkx.classes.graph.Graph object at 0x134797ad0>"}, "time": 1732415563.6902242}