{"duration": 0.0002551078796386719, "input_args": {"graph": "<networkx.classes.graph.Graph object at 0x13456d550>"}, "time": 1732415561.492206}