{"duration": 0.0005190372467041016, "input_args": {"graph": "<networkx.classes.graph.Graph object at 0x13456c650>"}, "time": 1732415563.078758}