{"duration": 0.0005393028259277344, "input_args": {"graph": "<networkx.classes.graph.Graph object at 0x1347177d0>"}, "time": 1732415562.2683892}