{"duration": 0.0006191730499267578, "input_args": {"graph": "<networkx.classes.graph.Graph object at 0x134795d50>"}, "time": 1732415562.840487}