{"duration": 0.00033783912658691406, "input_args": {"graph": "<networkx.classes.graph.Graph object at 0x134796c50>"}, "time": 1732415563.0177379}