{"duration": 0.0006468296051025391, "input_args": {"graph": "<networkx.classes.graph.Graph object at 0x1344fee50>"}, "time": 1732415562.586209}