{"duration": 0.0002486705780029297, "input_args": {"graph": "<networkx.classes.graph.Graph object at 0x13481a1d0>"}, "time": 1732415564.0031948}