{"duration": 0.00021314620971679688, "input_args": {"graph": "<networkx.classes.graph.Graph object at 0x13456f450>"}, "time": 1732415561.413793}