{"duration": 0.00048089027404785156, "input_args": {"graph": "<networkx.classes.graph.Graph object at 0x1347170d0>"}, "time": 1732415562.040571}