{"duration": 0.00041961669921875, "input_args": {"graph": "<networkx.classes.graph.Graph object at 0x134714d50>"}, "time": 1732415562.038867}