{"duration": 0.0005571842193603516, "input_args": {"graph": "<networkx.classes.graph.Graph object at 0x134716ad0>"}, "time": 1732415562.845731}