{"duration": 0.0007131099700927734, "input_args": {"graph": "<networkx.classes.graph.Graph object at 0x13456e850>"}, "time": 1732415561.50991}