{"duration": 0.0002410411834716797, "input_args": {"graph": "<networkx.classes.graph.Graph object at 0x13481aad0>"}, "time": 1732415563.95247}