{"duration": 0.0005953311920166016, "input_args": {"graph": "<networkx.classes.graph.Graph object at 0x13481b450>"}, "time": 1732415564.8225012}