{"duration": 0.0008361339569091797, "input_args": {"graph": "<networkx.classes.graph.Graph object at 0x13456c650>"}, "time": 1732415563.7813241}