{"duration": 0.0010609626770019531, "input_args": {"graph": "<networkx.classes.graph.Graph object at 0x1347951d0>"}, "time": 1732415562.7310631}