{"duration": 0.0005419254302978516, "input_args": {"graph": "<networkx.classes.graph.Graph object at 0x1348195d0>"}, "time": 1732415563.815928}