{"duration": 0.0004868507385253906, "input_args": {"graph": "<networkx.classes.graph.Graph object at 0x1347944d0>"}, "time": 1732415562.28228}