{"duration": 0.00022125244140625, "input_args": {"graph": "<networkx.classes.graph.Graph object at 0x134797e50>"}, "time": 1732415563.500718}