{"duration": 0.00018906593322753906, "input_args": {"graph": "<networkx.classes.graph.Graph object at 0x13456d6d0>"}, "time": 1732415563.466214}