{"duration": 0.00018095970153808594, "input_args": {"graph": "<networkx.classes.graph.Graph object at 0x13456f2d0>"}, "time": 1732415562.671492}