{"duration": 0.00021600723266601562, "input_args": {"graph": "<networkx.classes.graph.Graph object at 0x134715fd0>"}, "time": 1732415562.0451012}