{"duration": 0.001360177993774414, "input_args": {"graph": "<networkx.classes.graph.Graph object at 0x13456ce50>"}, "time": 1732415563.351546}