{"duration": 0.0003650188446044922, "input_args": {"graph": "<networkx.classes.graph.Graph object at 0x134714650>"}, "time": 1732415561.7059681}