{"duration": 0.0004627704620361328, "input_args": {"graph": "<networkx.classes.graph.Graph object at 0x13456d0d0>"}, "time": 1732415562.7337558}