{"duration": 0.0002410411834716797, "input_args": {"graph": "<networkx.classes.graph.Graph object at 0x1347953d0>"}, "time": 1732415563.222016}