{"duration": 0.00030803680419921875, "input_args": {"graph": "<networkx.classes.graph.Graph object at 0x134819fd0>"}, "time": 1732415565.081942}