{"duration": 0.0002002716064453125, "input_args": {"graph": "<networkx.classes.graph.Graph object at 0x134579310>"}, "time": 1732415561.371739}