{"duration": 0.0011601448059082031, "input_args": {"graph": "<networkx.classes.graph.Graph object at 0x134797c50>"}, "time": 1732415563.857362}