{"duration": 0.0008890628814697266, "input_args": {"graph": "<networkx.classes.graph.Graph object at 0x134819ed0>"}, "time": 1732415564.466511}