{"duration": 0.0006070137023925781, "input_args": {"graph": "<networkx.classes.graph.Graph object at 0x1348a0bd0>"}, "time": 1732415564.757111}