{"duration": 0.0004322528839111328, "input_args": {"graph": "<networkx.classes.graph.Graph object at 0x134714550>"}, "time": 1732415562.2296152}