{"duration": 0.0005500316619873047, "input_args": {"graph": "<networkx.classes.graph.Graph object at 0x1348182d0>"}, "time": 1732415563.671961}