{"duration": 0.00019502639770507812, "input_args": {"graph": "<networkx.classes.graph.Graph object at 0x134818f50>"}, "time": 1732415565.207561}