{"duration": 0.0006132125854492188, "input_args": {"graph": "<networkx.classes.graph.Graph object at 0x13481acd0>"}, "time": 1732415564.094722}