{"duration": 0.0005559921264648438, "input_args": {"graph": "<networkx.classes.graph.Graph object at 0x13456eed0>"}, "time": 1732415561.842922}