{"duration": 0.0018160343170166016, "input_args": {"graph": "<networkx.classes.graph.Graph object at 0x13456d650>"}, "time": 1732415565.0880399}