{"duration": 0.0014219284057617188, "input_args": {"graph": "<networkx.classes.graph.Graph object at 0x1348a00d0>"}, "time": 1732415564.840179}