{"duration": 0.0002760887145996094, "input_args": {"graph": "<networkx.classes.graph.Graph object at 0x1348a22d0>"}, "time": 1732415565.14223}