{"duration": 0.00026488304138183594, "input_args": {"graph": "<networkx.classes.graph.Graph object at 0x134794250>"}, "time": 1732415562.839479}