{"duration": 0.0002522468566894531, "input_args": {"graph": "<networkx.classes.graph.Graph object at 0x13456f2d0>"}, "time": 1732415561.5216022}