{"duration": 0.00019311904907226562, "input_args": {"graph": "<networkx.classes.graph.Graph object at 0x1208fed50>"}, "time": 1732415572.657175}