{"duration": 0.00026988983154296875, "input_args": {"graph": "<networkx.classes.graph.Graph object at 0x134818950>"}, "time": 1732415565.028414}