{"duration": 0.0002257823944091797, "input_args": {"graph": "<networkx.classes.graph.Graph object at 0x134715850>"}, "time": 1732415562.063633}