{"duration": 0.00020313262939453125, "input_args": {"graph": "<networkx.classes.graph.Graph object at 0x13481a9d0>"}, "time": 1732415564.836679}