{"duration": 0.000881195068359375, "input_args": {"graph": "<networkx.classes.graph.Graph object at 0x134819b50>"}, "time": 1732415563.8675861}