{"duration": 0.00024700164794921875, "input_args": {"graph": "<networkx.classes.graph.Graph object at 0x134818f50>"}, "time": 1732415564.5482721}