{"duration": 0.0005848407745361328, "input_args": {"graph": "<networkx.classes.graph.Graph object at 0x134794ad0>"}, "time": 1732415564.1293519}