{"duration": 0.0004990100860595703, "input_args": {"graph": "<networkx.classes.graph.Graph object at 0x134818fd0>"}, "time": 1732415564.33424}