{"duration": 0.0005702972412109375, "input_args": {"graph": "<networkx.classes.graph.Graph object at 0x1344ffd50>"}, "time": 1732415561.5031161}