{"duration": 0.0007901191711425781, "input_args": {"graph": "<networkx.classes.graph.Graph object at 0x134717d50>"}, "time": 1732415562.288766}