{"duration": 0.00022912025451660156, "input_args": {"graph": "<networkx.classes.graph.Graph object at 0x13481ab50>"}, "time": 1732415564.115663}