{"duration": 0.0005328655242919922, "input_args": {"graph": "<networkx.classes.graph.Graph object at 0x134797850>"}, "time": 1732415563.149122}