{"duration": 0.0005738735198974609, "input_args": {"graph": "<networkx.classes.graph.Graph object at 0x134794350>"}, "time": 1732415562.318233}