{"duration": 0.0008161067962646484, "input_args": {"graph": "<networkx.classes.graph.Graph object at 0x1347174d0>"}, "time": 1732415562.560427}