{"duration": 0.00041174888610839844, "input_args": {"graph": "<networkx.classes.graph.Graph object at 0x13456c9d0>"}, "time": 1732415562.624009}