{"duration": 0.0002486705780029297, "input_args": {"graph": "<networkx.classes.graph.Graph object at 0x1347974d0>"}, "time": 1732415563.1205618}