{"duration": 0.0004968643188476562, "input_args": {"graph": "<networkx.classes.graph.Graph object at 0x134716850>"}, "time": 1732415562.14224}