{"duration": 0.0005447864532470703, "input_args": {"graph": "<networkx.classes.graph.Graph object at 0x134794e50>"}, "time": 1732415562.439931}