{"duration": 0.00024819374084472656, "input_args": {"graph": "<networkx.classes.graph.Graph object at 0x13481ba50>"}, "time": 1732415564.4279392}