{"duration": 0.0009081363677978516, "input_args": {"graph": "<networkx.classes.graph.Graph object at 0x134794ad0>"}, "time": 1732415563.944583}