{"duration": 0.0002570152282714844, "input_args": {"graph": "<networkx.classes.graph.Graph object at 0x134818550>"}, "time": 1732415565.0235531}