{"duration": 0.0015828609466552734, "input_args": {"graph": "<networkx.classes.graph.Graph object at 0x1347963d0>"}, "time": 1732415564.647678}