{"duration": 0.0005140304565429688, "input_args": {"graph": "<networkx.classes.graph.Graph object at 0x13456e950>"}, "time": 1732415561.5425391}