{"duration": 0.0008077621459960938, "input_args": {"graph": "<networkx.classes.graph.Graph object at 0x125497b50>"}, "time": 1732415592.938604}