{"duration": 0.001062154769897461, "input_args": {"graph": "<networkx.classes.graph.Graph object at 0x13481add0>"}, "time": 1732415563.950562}