{"duration": 0.000225067138671875, "input_args": {"graph": "<networkx.classes.graph.Graph object at 0x1348a0f50>"}, "time": 1732415564.644213}