{"duration": 0.00021791458129882812, "input_args": {"graph": "<networkx.classes.graph.Graph object at 0x134714350>"}, "time": 1732415564.311981}