{"duration": 0.0005178451538085938, "input_args": {"graph": "<networkx.classes.graph.Graph object at 0x134796050>"}, "time": 1732415563.3301241}