{"duration": 0.0005948543548583984, "input_args": {"graph": "<networkx.classes.graph.Graph object at 0x134794fd0>"}, "time": 1732415563.2909088}