{"duration": 0.00025010108947753906, "input_args": {"graph": "<networkx.classes.graph.Graph object at 0x1347169d0>"}, "time": 1732415562.284034}