{"duration": 0.0005440711975097656, "input_args": {"graph": "<networkx.classes.graph.Graph object at 0x134715850>"}, "time": 1732415561.922389}