{"duration": 0.0008130073547363281, "input_args": {"graph": "<networkx.classes.graph.Graph object at 0x134796a50>"}, "time": 1732415563.5944571}