{"duration": 0.00029015541076660156, "input_args": {"graph": "<networkx.classes.graph.Graph object at 0x13456e350>"}, "time": 1732415561.380058}