{"duration": 0.0007936954498291016, "input_args": {"graph": "<networkx.classes.graph.Graph object at 0x134715950>"}, "time": 1732415562.810814}