{"duration": 0.0002048015594482422, "input_args": {"graph": "<networkx.classes.graph.Graph object at 0x1347157d0>"}, "time": 1732415561.889479}