{"duration": 0.00021600723266601562, "input_args": {"graph": "<networkx.classes.graph.Graph object at 0x13456f4d0>"}, "time": 1732415561.407396}