{"duration": 0.0005340576171875, "input_args": {"graph": "<networkx.classes.graph.Graph object at 0x134796050>"}, "time": 1732415563.7147222}