{"duration": 0.0009098052978515625, "input_args": {"graph": "<networkx.classes.graph.Graph object at 0x134795bd0>"}, "time": 1732415563.5506089}