{"duration": 0.0002980232238769531, "input_args": {"graph": "<networkx.classes.graph.Graph object at 0x13456d9d0>"}, "time": 1732415562.73238}