{"duration": 0.0007560253143310547, "input_args": {"graph": "<networkx.classes.graph.Graph object at 0x13456e6d0>"}, "time": 1732415563.0053198}