{"duration": 0.0007278919219970703, "input_args": {"graph": "<networkx.classes.graph.Graph object at 0x1347166d0>"}, "time": 1732415562.1345348}