{"duration": 0.0008139610290527344, "input_args": {"graph": "<networkx.classes.graph.Graph object at 0x134715850>"}, "time": 1732415561.829818}