{"duration": 0.0013740062713623047, "input_args": {"graph": "<networkx.classes.graph.Graph object at 0x1347956d0>"}, "time": 1732415563.693558}