{"duration": 0.00023174285888671875, "input_args": {"graph": "<networkx.classes.graph.Graph object at 0x134715650>"}, "time": 1732415562.6665878}