{"duration": 0.00017881393432617188, "input_args": {"graph": "<networkx.classes.graph.Graph object at 0x134717150>"}, "time": 1732415562.6704981}