{"duration": 0.0008037090301513672, "input_args": {"graph": "<networkx.classes.graph.Graph object at 0x134795050>"}, "time": 1732415563.3604228}