{"duration": 0.0004088878631591797, "input_args": {"graph": "<networkx.classes.graph.Graph object at 0x134714a50>"}, "time": 1732415562.685875}