{"duration": 0.0002887248992919922, "input_args": {"graph": "<networkx.classes.graph.Graph object at 0x1347174d0>"}, "time": 1732415562.104838}