{"duration": 0.0003559589385986328, "input_args": {"graph": "<networkx.classes.graph.Graph object at 0x134717b50>"}, "time": 1732415562.260732}