{"duration": 0.0004029273986816406, "input_args": {"graph": "<networkx.classes.graph.Graph object at 0x134714450>"}, "time": 1732415561.604247}