{"duration": 0.0010161399841308594, "input_args": {"graph": "<networkx.classes.graph.Graph object at 0x134714050>"}, "time": 1732415561.927715}