{"duration": 0.0007071495056152344, "input_args": {"graph": "<networkx.classes.graph.Graph object at 0x1209986d0>"}, "time": 1732415571.6057699}