{"duration": 0.0002288818359375, "input_args": {"graph": "<networkx.classes.graph.Graph object at 0x13456f6d0>"}, "time": 1732415562.1007419}