{"duration": 0.0002071857452392578, "input_args": {"graph": "<networkx.classes.graph.Graph object at 0x134818ad0>"}, "time": 1732415565.131149}