{"duration": 0.00048279762268066406, "input_args": {"graph": "<networkx.classes.graph.Graph object at 0x13456ff50>"}, "time": 1732415561.6484249}