{"duration": 0.0007660388946533203, "input_args": {"graph": "<networkx.classes.graph.Graph object at 0x1348a24d0>"}, "time": 1732415565.073401}