{"duration": 0.00022602081298828125, "input_args": {"graph": "<networkx.classes.graph.Graph object at 0x134717e50>"}, "time": 1732415563.308854}