{"duration": 0.0005140304565429688, "input_args": {"graph": "<networkx.classes.graph.Graph object at 0x1347947d0>"}, "time": 1732415562.767883}