{"duration": 0.0002567768096923828, "input_args": {"graph": "<networkx.classes.graph.Graph object at 0x13481a6d0>"}, "time": 1732415565.1277509}