{"duration": 0.000293731689453125, "input_args": {"graph": "<networkx.classes.graph.Graph object at 0x134797a50>"}, "time": 1732415563.9850528}