{"duration": 0.0005261898040771484, "input_args": {"graph": "<networkx.classes.graph.Graph object at 0x134795050>"}, "time": 1732415562.331617}