{"duration": 0.0012440681457519531, "input_args": {"graph": "<networkx.classes.graph.Graph object at 0x1348a0350>"}, "time": 1732415564.836575}