{"duration": 0.0007219314575195312, "input_args": {"graph": "<networkx.classes.graph.Graph object at 0x1348a2050>"}, "time": 1732415565.144629}