{"duration": 0.0007710456848144531, "input_args": {"graph": "<networkx.classes.graph.Graph object at 0x134716d50>"}, "time": 1732415561.97721}