{"duration": 0.0010378360748291016, "input_args": {"graph": "<networkx.classes.graph.Graph object at 0x134819650>"}, "time": 1732415563.698448}