{"duration": 0.0005850791931152344, "input_args": {"graph": "<networkx.classes.graph.Graph object at 0x1347174d0>"}, "time": 1732415562.177661}