{"duration": 0.0007560253143310547, "input_args": {"graph": "<networkx.classes.graph.Graph object at 0x134715e50>"}, "time": 1732415562.214323}