{"duration": 0.0003371238708496094, "input_args": {"graph": "<networkx.classes.graph.Graph object at 0x13481a050>"}, "time": 1732415563.9508522}