{"duration": 0.0013070106506347656, "input_args": {"graph": "<networkx.classes.graph.Graph object at 0x134717350>"}, "time": 1732415562.519687}