{"duration": 0.0010929107666015625, "input_args": {"graph": "<networkx.classes.graph.Graph object at 0x13456dd50>"}, "time": 1732415563.613277}