{"duration": 0.0002532005310058594, "input_args": {"graph": "<networkx.classes.graph.Graph object at 0x13456e750>"}, "time": 1732415562.554352}