{"duration": 0.0009839534759521484, "input_args": {"graph": "<networkx.classes.graph.Graph object at 0x13456f050>"}, "time": 1732415562.1258152}