{"duration": 0.0004901885986328125, "input_args": {"graph": "<networkx.classes.graph.Graph object at 0x134714dd0>"}, "time": 1732415561.818984}