{"duration": 0.0008730888366699219, "input_args": {"graph": "<networkx.classes.graph.Graph object at 0x13456dbd0>"}, "time": 1732415563.0577972}