{"duration": 0.00019478797912597656, "input_args": {"graph": "<networkx.classes.graph.Graph object at 0x13456ebd0>"}, "time": 1732415561.564838}