{"duration": 0.00021314620971679688, "input_args": {"graph": "<networkx.classes.graph.Graph object at 0x1348a0cd0>"}, "time": 1732415565.180625}