{"duration": 0.00023508071899414062, "input_args": {"graph": "<networkx.classes.graph.Graph object at 0x134794650>"}, "time": 1732415563.458536}