{"duration": 0.0006139278411865234, "input_args": {"graph": "<networkx.classes.graph.Graph object at 0x134794d50>"}, "time": 1732415563.51767}