{"duration": 0.0002849102020263672, "input_args": {"graph": "<networkx.classes.graph.Graph object at 0x1348a15d0>"}, "time": 1732415565.179977}