{"duration": 0.0009648799896240234, "input_args": {"graph": "<networkx.classes.graph.Graph object at 0x13456f150>"}, "time": 1732415562.0215318}