{"duration": 0.0011439323425292969, "input_args": {"graph": "<networkx.classes.graph.Graph object at 0x134714050>"}, "time": 1732415562.219745}