{"duration": 0.00026535987854003906, "input_args": {"graph": "<networkx.classes.graph.Graph object at 0x134797850>"}, "time": 1732415564.167739}