{"duration": 0.0007870197296142578, "input_args": {"graph": "<networkx.classes.graph.Graph object at 0x134714150>"}, "time": 1732415562.8994932}