{"duration": 0.00028705596923828125, "input_args": {"graph": "<networkx.classes.graph.Graph object at 0x134715950>"}, "time": 1732415563.473012}