{"duration": 0.0011599063873291016, "input_args": {"graph": "<networkx.classes.graph.Graph object at 0x13481bd50>"}, "time": 1732415564.915222}