{"duration": 0.0006198883056640625, "input_args": {"graph": "<networkx.classes.graph.Graph object at 0x13456eb50>"}, "time": 1732415561.5401258}