{"duration": 0.000514984130859375, "input_args": {"graph": "<networkx.classes.graph.Graph object at 0x134794e50>"}, "time": 1732415562.7670069}