{"duration": 0.00023889541625976562, "input_args": {"graph": "<networkx.classes.graph.Graph object at 0x13481b8d0>"}, "time": 1732415564.403996}