{"duration": 0.00023889541625976562, "input_args": {"graph": "<networkx.classes.graph.Graph object at 0x13456f550>"}, "time": 1732415561.599108}