{"duration": 0.00018715858459472656, "input_args": {"graph": "<networkx.classes.graph.Graph object at 0x1347168d0>"}, "time": 1732415564.313007}