{"duration": 0.0002040863037109375, "input_args": {"graph": "<networkx.classes.graph.Graph object at 0x134819e50>"}, "time": 1732415565.208949}