{"duration": 0.0006418228149414062, "input_args": {"graph": "<networkx.classes.graph.Graph object at 0x1347160d0>"}, "time": 1732415561.8045828}