{"duration": 0.00018286705017089844, "input_args": {"graph": "<networkx.classes.graph.Graph object at 0x13456cb50>"}, "time": 1732415565.207021}