{"duration": 0.000713348388671875, "input_args": {"graph": "<networkx.classes.graph.Graph object at 0x1347173d0>"}, "time": 1732415562.1441002}