{"duration": 0.000392913818359375, "input_args": {"graph": "<networkx.classes.graph.Graph object at 0x1348a0d50>"}, "time": 1732415565.005879}