{"duration": 0.0010581016540527344, "input_args": {"graph": "<networkx.classes.graph.Graph object at 0x1348194d0>"}, "time": 1732415563.667528}