{"duration": 0.0005280971527099609, "input_args": {"graph": "<networkx.classes.graph.Graph object at 0x134714c50>"}, "time": 1732415561.65577}