{"duration": 0.000988006591796875, "input_args": {"graph": "<networkx.classes.graph.Graph object at 0x1347948d0>"}, "time": 1732415563.372381}