{"duration": 0.00030994415283203125, "input_args": {"graph": "<networkx.classes.graph.Graph object at 0x134797450>"}, "time": 1732415563.31698}