{"duration": 0.0007290840148925781, "input_args": {"graph": "<networkx.classes.graph.Graph object at 0x1347150d0>"}, "time": 1732415561.724239}