{"duration": 0.0004999637603759766, "input_args": {"graph": "<networkx.classes.graph.Graph object at 0x134716650>"}, "time": 1732415562.414258}