{"duration": 0.00020885467529296875, "input_args": {"graph": "<networkx.classes.graph.Graph object at 0x13456fe50>"}, "time": 1732415562.086654}