{"duration": 0.000209808349609375, "input_args": {"graph": "<networkx.classes.graph.Graph object at 0x1347147d0>"}, "time": 1732415561.587411}