{"duration": 0.0002129077911376953, "input_args": {"graph": "<networkx.classes.graph.Graph object at 0x134796e50>"}, "time": 1732415563.495033}