{"duration": 0.0009338855743408203, "input_args": {"graph": "<networkx.classes.graph.Graph object at 0x134716450>"}, "time": 1732415562.24209}