{"duration": 0.0005021095275878906, "input_args": {"graph": "<networkx.classes.graph.Graph object at 0x134714650>"}, "time": 1732415562.23935}