{"duration": 0.0006756782531738281, "input_args": {"graph": "<networkx.classes.graph.Graph object at 0x134715550>"}, "time": 1732415561.6595929}