{"duration": 0.0005671977996826172, "input_args": {"graph": "<networkx.classes.graph.Graph object at 0x1208fd6d0>"}, "time": 1732415572.293184}