{"duration": 0.0001857280731201172, "input_args": {"graph": "<networkx.classes.graph.Graph object at 0x134714450>"}, "time": 1732415561.5692968}