{"duration": 0.0013279914855957031, "input_args": {"graph": "<networkx.classes.graph.Graph object at 0x1347962d0>"}, "time": 1732415562.8585432}