{"duration": 0.0004968643188476562, "input_args": {"graph": "<networkx.classes.graph.Graph object at 0x13456c650>"}, "time": 1732415562.7923799}