{"duration": 0.00030112266540527344, "input_args": {"graph": "<networkx.classes.graph.Graph object at 0x1347149d0>"}, "time": 1732415561.781611}