{"duration": 0.0002512931823730469, "input_args": {"graph": "<networkx.classes.graph.Graph object at 0x13456ee50>"}, "time": 1732415561.444322}