{"duration": 0.0005114078521728516, "input_args": {"graph": "<networkx.classes.graph.Graph object at 0x13456d6d0>"}, "time": 1732415562.6112902}