{"duration": 0.0007193088531494141, "input_args": {"graph": "<networkx.classes.graph.Graph object at 0x13456f2d0>"}, "time": 1732415562.1334841}