{"duration": 0.0005240440368652344, "input_args": {"graph": "<networkx.classes.graph.Graph object at 0x134797c50>"}, "time": 1732415564.213876}