{"duration": 0.0002548694610595703, "input_args": {"graph": "<networkx.classes.graph.Graph object at 0x1347160d0>"}, "time": 1732415562.719286}