{"duration": 0.00042700767517089844, "input_args": {"graph": "<networkx.classes.graph.Graph object at 0x1344ff850>"}, "time": 1732415561.53024}