{"duration": 0.001196146011352539, "input_args": {"graph": "<networkx.classes.graph.Graph object at 0x1348181d0>"}, "time": 1732415564.124722}