{"duration": 0.0012679100036621094, "input_args": {"graph": "<networkx.classes.graph.Graph object at 0x12099a3d0>"}, "time": 1732415572.346158}