{"duration": 0.0010502338409423828, "input_args": {"graph": "<networkx.classes.graph.Graph object at 0x134818b50>"}, "time": 1732415564.179938}