{"duration": 0.0003409385681152344, "input_args": {"graph": "<networkx.classes.graph.Graph object at 0x134714cd0>"}, "time": 1732415562.165859}