{"duration": 0.0008120536804199219, "input_args": {"graph": "<networkx.classes.graph.Graph object at 0x12099ae50>"}, "time": 1732415572.30627}