{"duration": 0.0002579689025878906, "input_args": {"graph": "<networkx.classes.graph.Graph object at 0x11c5e8450>"}, "time": 1732415565.148291}