{"duration": 0.00019621849060058594, "input_args": {"graph": "<networkx.classes.graph.Graph object at 0x134794350>"}, "time": 1732415564.2909172}