{"duration": 0.0001957416534423828, "input_args": {"graph": "<networkx.classes.graph.Graph object at 0x134497330>"}, "time": 1732415561.3706849}