{"duration": 0.0007491111755371094, "input_args": {"graph": "<networkx.classes.graph.Graph object at 0x13481aa50>"}, "time": 1732415565.090529}