{"duration": 0.0013949871063232422, "input_args": {"graph": "<networkx.classes.graph.Graph object at 0x134795ed0>"}, "time": 1732415563.3281689}