{"duration": 0.0008511543273925781, "input_args": {"graph": "<networkx.classes.graph.Graph object at 0x134797850>"}, "time": 1732415564.089113}