{"duration": 0.00023603439331054688, "input_args": {"graph": "<networkx.classes.graph.Graph object at 0x13456c650>"}, "time": 1732415563.015064}