{"duration": 0.0005350112915039062, "input_args": {"graph": "<networkx.classes.graph.Graph object at 0x1347953d0>"}, "time": 1732415563.319467}