{"duration": 0.0002727508544921875, "input_args": {"graph": "<networkx.classes.graph.Graph object at 0x1348a0c50>"}, "time": 1732415564.927424}