{"duration": 0.0003650188446044922, "input_args": {"graph": "<networkx.classes.graph.Graph object at 0x13448f750>"}, "time": 1732415561.3970969}