{"duration": 0.00020694732666015625, "input_args": {"graph": "<networkx.classes.graph.Graph object at 0x13456eed0>"}, "time": 1732415562.672508}