{"duration": 0.0010519027709960938, "input_args": {"graph": "<networkx.classes.graph.Graph object at 0x134819850>"}, "time": 1732415563.753557}