{"duration": 0.0011398792266845703, "input_args": {"graph": "<networkx.classes.graph.Graph object at 0x1347948d0>"}, "time": 1732415563.226292}