{"duration": 0.0002410411834716797, "input_args": {"graph": "<networkx.classes.graph.Graph object at 0x134715750>"}, "time": 1732415561.856261}