{"duration": 0.0005052089691162109, "input_args": {"graph": "<networkx.classes.graph.Graph object at 0x134717c50>"}, "time": 1732415562.380011}