{"duration": 0.0005168914794921875, "input_args": {"graph": "<networkx.classes.graph.Graph object at 0x134819750>"}, "time": 1732415563.670951}