{"duration": 0.00023102760314941406, "input_args": {"graph": "<networkx.classes.graph.Graph object at 0x13456e6d0>"}, "time": 1732415562.8798552}