{"duration": 0.0005786418914794922, "input_args": {"graph": "<networkx.classes.graph.Graph object at 0x134795fd0>"}, "time": 1732415562.8529868}