{"duration": 0.0005576610565185547, "input_args": {"graph": "<networkx.classes.graph.Graph object at 0x134818150>"}, "time": 1732415563.6856918}