{"duration": 0.0004241466522216797, "input_args": {"graph": "<networkx.classes.graph.Graph object at 0x13456ecd0>"}, "time": 1732415561.7361732}