{"duration": 0.0008339881896972656, "input_args": {"graph": "<networkx.classes.graph.Graph object at 0x1208fd8d0>"}, "time": 1732415571.607646}