{"duration": 0.0007939338684082031, "input_args": {"graph": "<networkx.classes.graph.Graph object at 0x134714450>"}, "time": 1732415561.8144588}