{"duration": 0.0008649826049804688, "input_args": {"graph": "<networkx.classes.graph.Graph object at 0x134818350>"}, "time": 1732415563.543357}