{"duration": 0.00020384788513183594, "input_args": {"graph": "<networkx.classes.graph.Graph object at 0x134794850>"}, "time": 1732415563.494022}