{"duration": 0.0008780956268310547, "input_args": {"graph": "<networkx.classes.graph.Graph object at 0x13481a0d0>"}, "time": 1732415564.543817}