{"duration": 0.0004360675811767578, "input_args": {"graph": "<networkx.classes.graph.Graph object at 0x13456c8d0>"}, "time": 1732415563.355069}