{"duration": 0.0011758804321289062, "input_args": {"graph": "<networkx.classes.graph.Graph object at 0x134796dd0>"}, "time": 1732415563.6965609}