{"duration": 0.0005362033843994141, "input_args": {"graph": "<networkx.classes.graph.Graph object at 0x13456fcd0>"}, "time": 1732415561.4953759}