{"duration": 0.0002372264862060547, "input_args": {"graph": "<networkx.classes.graph.Graph object at 0x1347943d0>"}, "time": 1732415563.4822552}