{"duration": 0.0007638931274414062, "input_args": {"graph": "<networkx.classes.graph.Graph object at 0x134717ad0>"}, "time": 1732415562.360886}