{"duration": 0.0002079010009765625, "input_args": {"graph": "<networkx.classes.graph.Graph object at 0x1348195d0>"}, "time": 1732415564.316575}