{"duration": 0.0002582073211669922, "input_args": {"graph": "<networkx.classes.graph.Graph object at 0x13481a3d0>"}, "time": 1732415563.815946}