{"duration": 0.0006382465362548828, "input_args": {"graph": "<networkx.classes.graph.Graph object at 0x134714b50>"}, "time": 1732415561.78267}