{"duration": 0.0009171962738037109, "input_args": {"graph": "<networkx.classes.graph.Graph object at 0x134819850>"}, "time": 1732415564.1637561}