{"duration": 0.0005459785461425781, "input_args": {"graph": "<networkx.classes.graph.Graph object at 0x1348197d0>"}, "time": 1732415563.983882}