{"duration": 0.0002567768096923828, "input_args": {"graph": "<networkx.classes.graph.Graph object at 0x134717c50>"}, "time": 1732415562.5250618}