{"duration": 0.00022172927856445312, "input_args": {"graph": "<networkx.classes.graph.Graph object at 0x13481bd50>"}, "time": 1732415564.7404149}