{"duration": 0.0005011558532714844, "input_args": {"graph": "<networkx.classes.graph.Graph object at 0x12099b9d0>"}, "time": 1732415572.298794}