{"duration": 0.0006120204925537109, "input_args": {"graph": "<networkx.classes.graph.Graph object at 0x1347975d0>"}, "time": 1732415563.191135}