{"duration": 0.00025391578674316406, "input_args": {"graph": "<networkx.classes.graph.Graph object at 0x13481bad0>"}, "time": 1732415564.848393}