{"duration": 0.0008368492126464844, "input_args": {"graph": "<networkx.classes.graph.Graph object at 0x125494e50>"}, "time": 1732415593.52579}