{"duration": 0.0004987716674804688, "input_args": {"graph": "<networkx.classes.graph.Graph object at 0x134796ad0>"}, "time": 1732415563.295648}