{"duration": 0.00049591064453125, "input_args": {"graph": "<networkx.classes.graph.Graph object at 0x134715350>"}, "time": 1732415562.6341279}