{"duration": 0.00030612945556640625, "input_args": {"graph": "<networkx.classes.graph.Graph object at 0x13456ddd0>"}, "time": 1732415562.180644}