{"duration": 0.0002968311309814453, "input_args": {"graph": "<networkx.classes.graph.Graph object at 0x134818c50>"}, "time": 1732415564.3455281}