{"duration": 0.0007889270782470703, "input_args": {"graph": "<networkx.classes.graph.Graph object at 0x13481a450>"}, "time": 1732415563.811393}