{"duration": 0.00043320655822753906, "input_args": {"graph": "<networkx.classes.graph.Graph object at 0x13456f250>"}, "time": 1732415561.739375}