{"duration": 0.0004436969757080078, "input_args": {"graph": "<networkx.classes.graph.Graph object at 0x1208fedd0>"}, "time": 1732415572.3596318}