{"duration": 0.0006117820739746094, "input_args": {"graph": "<networkx.classes.graph.Graph object at 0x134714950>"}, "time": 1732415562.974738}