{"duration": 0.0002460479736328125, "input_args": {"graph": "<networkx.classes.graph.Graph object at 0x134714ed0>"}, "time": 1732415561.8553889}