{"duration": 0.00048804283142089844, "input_args": {"graph": "<networkx.classes.graph.Graph object at 0x134714a50>"}, "time": 1732415562.0261729}