{"duration": 0.0007808208465576172, "input_args": {"graph": "<networkx.classes.graph.Graph object at 0x1348a0ad0>"}, "time": 1732415564.6861188}