{"duration": 0.0005218982696533203, "input_args": {"graph": "<networkx.classes.graph.Graph object at 0x134716a50>"}, "time": 1732415562.922148}