{"duration": 0.0004799365997314453, "input_args": {"graph": "<networkx.classes.graph.Graph object at 0x134715d50>"}, "time": 1732415562.006201}