{"duration": 0.0006647109985351562, "input_args": {"graph": "<networkx.classes.graph.Graph object at 0x13481ba50>"}, "time": 1732415564.8428018}