{"duration": 0.0002930164337158203, "input_args": {"graph": "<networkx.classes.graph.Graph object at 0x134715350>"}, "time": 1732415563.482971}