{"duration": 0.00024819374084472656, "input_args": {"graph": "<networkx.classes.graph.Graph object at 0x134795f50>"}, "time": 1732415563.6857111}