{"duration": 0.00018978118896484375, "input_args": {"graph": "<networkx.classes.graph.Graph object at 0x13456ddd0>"}, "time": 1732415561.5642948}