{"duration": 0.0013151168823242188, "input_args": {"graph": "<networkx.classes.graph.Graph object at 0x134717bd0>"}, "time": 1732415562.644953}