{"duration": 0.0002219676971435547, "input_args": {"graph": "<networkx.classes.graph.Graph object at 0x134714c50>"}, "time": 1732415561.8345459}