{"duration": 0.0005171298980712891, "input_args": {"graph": "<networkx.classes.graph.Graph object at 0x134714bd0>"}, "time": 1732415562.048928}