{"duration": 0.00019812583923339844, "input_args": {"graph": "<networkx.classes.graph.Graph object at 0x1347945d0>"}, "time": 1732415564.284506}