{"duration": 0.0008141994476318359, "input_args": {"graph": "<networkx.classes.graph.Graph object at 0x134797ed0>"}, "time": 1732415564.820213}