{"duration": 0.0004909038543701172, "input_args": {"graph": "<networkx.classes.graph.Graph object at 0x13445e7b0>"}, "time": 1732415561.351627}