{"duration": 0.00018668174743652344, "input_args": {"graph": "<networkx.classes.graph.Graph object at 0x134818bd0>"}, "time": 1732415564.8740008}