{"duration": 0.0006558895111083984, "input_args": {"graph": "<networkx.classes.graph.Graph object at 0x1347950d0>"}, "time": 1732415562.7533069}