{"duration": 0.0005252361297607422, "input_args": {"graph": "<networkx.classes.graph.Graph object at 0x134819e50>"}, "time": 1732415564.922152}