{"duration": 0.0005400180816650391, "input_args": {"graph": "<networkx.classes.graph.Graph object at 0x134818c50>"}, "time": 1732415563.619762}