{"duration": 0.00020575523376464844, "input_args": {"graph": "<networkx.classes.graph.Graph object at 0x1347952d0>"}, "time": 1732415562.6920698}