{"duration": 0.0003380775451660156, "input_args": {"graph": "<networkx.classes.graph.Graph object at 0x13456f1d0>"}, "time": 1732415561.4370718}