{"duration": 0.00024390220642089844, "input_args": {"graph": "<networkx.classes.graph.Graph object at 0x13456d350>"}, "time": 1732415561.4424949}