{"duration": 0.0008280277252197266, "input_args": {"graph": "<networkx.classes.graph.Graph object at 0x134795450>"}, "time": 1732415564.3439639}