{"duration": 0.0007851123809814453, "input_args": {"graph": "<networkx.classes.graph.Graph object at 0x1347966d0>"}, "time": 1732415562.961848}