{"duration": 0.0005409717559814453, "input_args": {"graph": "<networkx.classes.graph.Graph object at 0x134795bd0>"}, "time": 1732415563.945631}