{"duration": 0.00024580955505371094, "input_args": {"graph": "<networkx.classes.graph.Graph object at 0x1347945d0>"}, "time": 1732415562.2983391}