{"duration": 0.0007879734039306641, "input_args": {"graph": "<networkx.classes.graph.Graph object at 0x1347159d0>"}, "time": 1732415562.357727}