{"duration": 0.0014920234680175781, "input_args": {"graph": "<networkx.classes.graph.Graph object at 0x134717950>"}, "time": 1732415562.260421}