{"duration": 0.0004432201385498047, "input_args": {"graph": "<networkx.classes.graph.Graph object at 0x13456e150>"}, "time": 1732415562.630095}