{"duration": 0.000370025634765625, "input_args": {"graph": "<networkx.classes.graph.Graph object at 0x1347950d0>"}, "time": 1732415562.495918}