{"duration": 0.0003821849822998047, "input_args": {"graph": "<networkx.classes.graph.Graph object at 0x13481b1d0>"}, "time": 1732415564.414884}