{"duration": 0.0008242130279541016, "input_args": {"graph": "<networkx.classes.graph.Graph object at 0x134717bd0>"}, "time": 1732415562.740458}