{"duration": 0.0005321502685546875, "input_args": {"graph": "<networkx.classes.graph.Graph object at 0x13481b350>"}, "time": 1732415564.165971}