{"duration": 0.00020194053649902344, "input_args": {"graph": "<networkx.classes.graph.Graph object at 0x13456fd50>"}, "time": 1732415562.663538}