{"duration": 0.0009295940399169922, "input_args": {"graph": "<networkx.classes.graph.Graph object at 0x134714dd0>"}, "time": 1732415561.6708858}