{"duration": 0.0005559921264648438, "input_args": {"graph": "<networkx.classes.graph.Graph object at 0x134717f50>"}, "time": 1732415562.280278}