{"duration": 0.0011680126190185547, "input_args": {"graph": "<networkx.classes.graph.Graph object at 0x134819e50>"}, "time": 1732415565.0943518}