{"duration": 0.0008289813995361328, "input_args": {"graph": "<networkx.classes.graph.Graph object at 0x134715fd0>"}, "time": 1732415561.906162}