{"duration": 0.00109100341796875, "input_args": {"graph": "<networkx.classes.graph.Graph object at 0x134715350>"}, "time": 1732415562.885103}