{"duration": 0.00021696090698242188, "input_args": {"graph": "<networkx.classes.graph.Graph object at 0x1347941d0>"}, "time": 1732415564.310328}