{"duration": 0.0002512931823730469, "input_args": {"graph": "<networkx.classes.graph.Graph object at 0x134797250>"}, "time": 1732415563.5988312}