{"duration": 0.0002551078796386719, "input_args": {"graph": "<networkx.classes.graph.Graph object at 0x134716750>"}, "time": 1732415562.1441212}