{"duration": 0.0011489391326904297, "input_args": {"graph": "<networkx.classes.graph.Graph object at 0x1347958d0>"}, "time": 1732415562.9486349}