{"duration": 0.0002181529998779297, "input_args": {"graph": "<networkx.classes.graph.Graph object at 0x1344fff50>"}, "time": 1732415561.747008}