{"duration": 0.0014488697052001953, "input_args": {"graph": "<networkx.classes.graph.Graph object at 0x134714350>"}, "time": 1732415562.755502}