{"duration": 0.00026702880859375, "input_args": {"graph": "<networkx.classes.graph.Graph object at 0x134796cd0>"}, "time": 1732415563.195519}