{"duration": 0.00022912025451660156, "input_args": {"graph": "<networkx.classes.graph.Graph object at 0x1348a0c50>"}, "time": 1732415565.131716}