{"duration": 0.0011811256408691406, "input_args": {"graph": "<networkx.classes.graph.Graph object at 0x1348a18d0>"}, "time": 1732415564.7924101}