{"duration": 0.0005481243133544922, "input_args": {"graph": "<networkx.classes.graph.Graph object at 0x134819fd0>"}, "time": 1732415564.222667}