{"duration": 0.00023984909057617188, "input_args": {"graph": "<networkx.classes.graph.Graph object at 0x134714050>"}, "time": 1732415561.907101}