{"duration": 0.0010943412780761719, "input_args": {"graph": "<networkx.classes.graph.Graph object at 0x134794f50>"}, "time": 1732415563.1355321}