{"duration": 0.0005366802215576172, "input_args": {"graph": "<networkx.classes.graph.Graph object at 0x13456e550>"}, "time": 1732415563.0775108}