{"duration": 0.0005888938903808594, "input_args": {"graph": "<networkx.classes.graph.Graph object at 0x134797ed0>"}, "time": 1732415563.306587}