{"duration": 0.0002841949462890625, "input_args": {"graph": "<networkx.classes.graph.Graph object at 0x13481ac50>"}, "time": 1732415565.076271}