{"duration": 0.001360177993774414, "input_args": {"graph": "<networkx.classes.graph.Graph object at 0x1348a13d0>"}, "time": 1732415564.780399}