{"duration": 0.0005869865417480469, "input_args": {"graph": "<networkx.classes.graph.Graph object at 0x13456ce50>"}, "time": 1732415563.628184}