{"duration": 0.0011157989501953125, "input_args": {"graph": "<networkx.classes.graph.Graph object at 0x134818550>"}, "time": 1732415564.331276}