{"duration": 0.0005528926849365234, "input_args": {"graph": "<networkx.classes.graph.Graph object at 0x13481bf50>"}, "time": 1732415564.40193}