{"duration": 0.00019216537475585938, "input_args": {"graph": "<networkx.classes.graph.Graph object at 0x1348a01d0>"}, "time": 1732415564.882208}