{"duration": 0.0005772113800048828, "input_args": {"graph": "<networkx.classes.graph.Graph object at 0x13481b450>"}, "time": 1732415564.9654531}