{"duration": 0.0008699893951416016, "input_args": {"graph": "<networkx.classes.graph.Graph object at 0x134794ad0>"}, "time": 1732415564.036978}