{"duration": 0.0010790824890136719, "input_args": {"graph": "<networkx.classes.graph.Graph object at 0x134796a50>"}, "time": 1732415562.913824}