{"duration": 0.0002448558807373047, "input_args": {"graph": "<networkx.classes.graph.Graph object at 0x134716650>"}, "time": 1732415562.383432}