{"duration": 0.0002338886260986328, "input_args": {"graph": "<networkx.classes.graph.Graph object at 0x1348a24d0>"}, "time": 1732415565.0944798}