{"duration": 0.0010509490966796875, "input_args": {"graph": "<networkx.classes.graph.Graph object at 0x13456ddd0>"}, "time": 1732415562.251622}