{"duration": 0.00057220458984375, "input_args": {"graph": "<networkx.classes.graph.Graph object at 0x13456dad0>"}, "time": 1732415561.791949}