{"duration": 0.00048065185546875, "input_args": {"graph": "<networkx.classes.graph.Graph object at 0x13456e3d0>"}, "time": 1732415562.5947678}