{"duration": 0.0005729198455810547, "input_args": {"graph": "<networkx.classes.graph.Graph object at 0x134797950>"}, "time": 1732415563.3249521}