{"duration": 0.000244140625, "input_args": {"graph": "<networkx.classes.graph.Graph object at 0x134818bd0>"}, "time": 1732415563.863317}