{"duration": 0.0011398792266845703, "input_args": {"graph": "<networkx.classes.graph.Graph object at 0x13481a3d0>"}, "time": 1732415564.589091}