{"duration": 0.0005438327789306641, "input_args": {"graph": "<networkx.classes.graph.Graph object at 0x1347972d0>"}, "time": 1732415563.4306188}