{"duration": 0.0012068748474121094, "input_args": {"graph": "<networkx.classes.graph.Graph object at 0x134715550>"}, "time": 1732415561.975606}