{"duration": 0.0006880760192871094, "input_args": {"graph": "<networkx.classes.graph.Graph object at 0x13456fb50>"}, "time": 1732415561.631967}