{"duration": 0.000186920166015625, "input_args": {"graph": "<networkx.classes.graph.Graph object at 0x1345090a0>"}, "time": 1732415561.372253}