{"duration": 0.0004470348358154297, "input_args": {"graph": "<networkx.classes.graph.Graph object at 0x1347142d0>"}, "time": 1732415561.518665}