{"duration": 0.0005190372467041016, "input_args": {"graph": "<networkx.classes.graph.Graph object at 0x13481b950>"}, "time": 1732415564.524842}