{"duration": 0.0007681846618652344, "input_args": {"graph": "<networkx.classes.graph.Graph object at 0x13456d050>"}, "time": 1732415562.701958}