{"duration": 0.0005090236663818359, "input_args": {"graph": "<networkx.classes.graph.Graph object at 0x1347946d0>"}, "time": 1732415563.130363}