{"duration": 0.0007889270782470703, "input_args": {"graph": "<networkx.classes.graph.Graph object at 0x1347148d0>"}, "time": 1732415562.233409}