{"duration": 0.00021004676818847656, "input_args": {"graph": "<networkx.classes.graph.Graph object at 0x134818950>"}, "time": 1732415564.656359}