{"duration": 0.0005927085876464844, "input_args": {"graph": "<networkx.classes.graph.Graph object at 0x13456fe50>"}, "time": 1732415561.557067}