{"duration": 0.0008690357208251953, "input_args": {"graph": "<networkx.classes.graph.Graph object at 0x134717ad0>"}, "time": 1732415562.7060611}