{"duration": 0.0011119842529296875, "input_args": {"graph": "<networkx.classes.graph.Graph object at 0x134818b50>"}, "time": 1732415563.830935}