{"duration": 0.0011439323425292969, "input_args": {"graph": "<networkx.classes.graph.Graph object at 0x1348182d0>"}, "time": 1732415564.5950599}