{"duration": 0.0007250308990478516, "input_args": {"graph": "<networkx.classes.graph.Graph object at 0x134714050>"}, "time": 1732415561.784105}