{"duration": 0.0009610652923583984, "input_args": {"graph": "<networkx.classes.graph.Graph object at 0x1348a03d0>"}, "time": 1732415564.600075}