{"duration": 0.0004050731658935547, "input_args": {"graph": "<networkx.classes.graph.Graph object at 0x13456fd50>"}, "time": 1732415561.5136151}