{"duration": 0.000720977783203125, "input_args": {"graph": "<networkx.classes.graph.Graph object at 0x134716dd0>"}, "time": 1732415562.521895}