{"duration": 0.00023317337036132812, "input_args": {"graph": "<networkx.classes.graph.Graph object at 0x134716250>"}, "time": 1732415562.206778}