{"duration": 0.00027179718017578125, "input_args": {"graph": "<networkx.classes.graph.Graph object at 0x1347941d0>"}, "time": 1732415563.269034}