{"duration": 0.00023102760314941406, "input_args": {"graph": "<networkx.classes.graph.Graph object at 0x13481a9d0>"}, "time": 1732415565.129498}