{"duration": 0.0002651214599609375, "input_args": {"graph": "<networkx.classes.graph.Graph object at 0x1344ffb50>"}, "time": 1732415562.842355}