{"duration": 0.0003268718719482422, "input_args": {"graph": "<networkx.classes.graph.Graph object at 0x13456c3d0>"}, "time": 1732415562.722715}