{"duration": 0.00031304359436035156, "input_args": {"graph": "<networkx.classes.graph.Graph object at 0x13456d050>"}, "time": 1732415563.495645}