{"duration": 0.0002830028533935547, "input_args": {"graph": "<networkx.classes.graph.Graph object at 0x1348189d0>"}, "time": 1732415564.301424}