{"duration": 0.0014719963073730469, "input_args": {"graph": "<networkx.classes.graph.Graph object at 0x134796a50>"}, "time": 1732415563.107705}