{"duration": 0.0004990100860595703, "input_args": {"graph": "<networkx.classes.graph.Graph object at 0x134819750>"}, "time": 1732415563.8578188}