{"duration": 0.0009458065032958984, "input_args": {"graph": "<networkx.classes.graph.Graph object at 0x134795850>"}, "time": 1732415562.785131}