{"duration": 0.0011229515075683594, "input_args": {"graph": "<networkx.classes.graph.Graph object at 0x1347965d0>"}, "time": 1732415563.43012}