{"duration": 0.0013341903686523438, "input_args": {"graph": "<networkx.classes.graph.Graph object at 0x134716950>"}, "time": 1732415562.20161}