{"duration": 0.0005841255187988281, "input_args": {"graph": "<networkx.classes.graph.Graph object at 0x134796150>"}, "time": 1732415562.870371}