{"duration": 0.00024509429931640625, "input_args": {"graph": "<networkx.classes.graph.Graph object at 0x134797950>"}, "time": 1732415564.563641}