{"duration": 0.0004978179931640625, "input_args": {"graph": "<networkx.classes.graph.Graph object at 0x1347174d0>"}, "time": 1732415562.541375}