{"duration": 0.0011591911315917969, "input_args": {"graph": "<networkx.classes.graph.Graph object at 0x13481bed0>"}, "time": 1732415564.66715}