{"duration": 0.0002810955047607422, "input_args": {"graph": "<networkx.classes.graph.Graph object at 0x13456d550>"}, "time": 1732415561.5981681}