{"duration": 0.0002799034118652344, "input_args": {"graph": "<networkx.classes.graph.Graph object at 0x134797950>"}, "time": 1732415563.927095}