{"duration": 0.0003409385681152344, "input_args": {"graph": "<networkx.classes.graph.Graph object at 0x1347944d0>"}, "time": 1732415563.642638}