{"duration": 0.0011990070343017578, "input_args": {"graph": "<networkx.classes.graph.Graph object at 0x134797550>"}, "time": 1732415563.085508}