{"duration": 0.0010738372802734375, "input_args": {"graph": "<networkx.classes.graph.Graph object at 0x134715050>"}, "time": 1732415561.957697}