{"duration": 0.0009539127349853516, "input_args": {"graph": "<networkx.classes.graph.Graph object at 0x1253fdbd0>"}, "time": 1732415592.933994}