{"duration": 0.0002231597900390625, "input_args": {"graph": "<networkx.classes.graph.Graph object at 0x1344ff850>"}, "time": 1732415561.5863712}