{"duration": 0.00043010711669921875, "input_args": {"graph": "<networkx.classes.graph.Graph object at 0x134714050>"}, "time": 1732415561.831657}