{"duration": 0.0009851455688476562, "input_args": {"graph": "<networkx.classes.graph.Graph object at 0x1347156d0>"}, "time": 1732415562.334594}