{"duration": 0.0006520748138427734, "input_args": {"graph": "<networkx.classes.graph.Graph object at 0x134819e50>"}, "time": 1732415564.9594262}