{"duration": 0.0002880096435546875, "input_args": {"graph": "<networkx.classes.graph.Graph object at 0x1347177d0>"}, "time": 1732415562.4635148}