{"duration": 0.0002219676971435547, "input_args": {"graph": "<networkx.classes.graph.Graph object at 0x134818dd0>"}, "time": 1732415564.3206542}