{"duration": 0.0009169578552246094, "input_args": {"graph": "<networkx.classes.graph.Graph object at 0x134797350>"}, "time": 1732415563.340588}