{"duration": 0.00044918060302734375, "input_args": {"graph": "<networkx.classes.graph.Graph object at 0x13456ca50>"}, "time": 1732415562.6986182}