{"duration": 0.00024390220642089844, "input_args": {"graph": "<networkx.classes.graph.Graph object at 0x134717250>"}, "time": 1732415562.156679}