{"duration": 0.00025010108947753906, "input_args": {"graph": "<networkx.classes.graph.Graph object at 0x134818750>"}, "time": 1732415564.099481}