{"duration": 0.0005266666412353516, "input_args": {"graph": "<networkx.classes.graph.Graph object at 0x134797ad0>"}, "time": 1732415563.3929589}