{"duration": 0.00055694580078125, "input_args": {"graph": "<networkx.classes.graph.Graph object at 0x1348199d0>"}, "time": 1732415564.726739}