{"duration": 0.00029015541076660156, "input_args": {"graph": "<networkx.classes.graph.Graph object at 0x134797ed0>"}, "time": 1732415564.1503282}