{"duration": 0.0011820793151855469, "input_args": {"graph": "<networkx.classes.graph.Graph object at 0x1347151d0>"}, "time": 1732415562.292962}