{"duration": 0.0016961097717285156, "input_args": {"graph": "<networkx.classes.graph.Graph object at 0x134797950>"}, "time": 1732415564.268449}