{"duration": 0.0010619163513183594, "input_args": {"graph": "<networkx.classes.graph.Graph object at 0x134796550>"}, "time": 1732415563.266494}