{"duration": 0.0011510848999023438, "input_args": {"graph": "<networkx.classes.graph.Graph object at 0x1348a1250>"}, "time": 1732415564.645756}