{"duration": 0.0012128353118896484, "input_args": {"graph": "<networkx.classes.graph.Graph object at 0x1347143d0>"}, "time": 1732415561.707772}