{"duration": 0.0004949569702148438, "input_args": {"graph": "<networkx.classes.graph.Graph object at 0x1344ffb50>"}, "time": 1732415562.58746}