{"duration": 0.00026798248291015625, "input_args": {"graph": "<networkx.classes.graph.Graph object at 0x13456c3d0>"}, "time": 1732415562.704874}