{"duration": 0.0005152225494384766, "input_args": {"graph": "<networkx.classes.graph.Graph object at 0x134819ad0>"}, "time": 1732415563.832225}