{"duration": 0.00024175643920898438, "input_args": {"graph": "<networkx.classes.graph.Graph object at 0x13456ded0>"}, "time": 1732415562.084051}