{"duration": 0.00024580955505371094, "input_args": {"graph": "<networkx.classes.graph.Graph object at 0x134714350>"}, "time": 1732415562.452118}