{"duration": 0.0007879734039306641, "input_args": {"graph": "<networkx.classes.graph.Graph object at 0x134714350>"}, "time": 1732415563.38173}