{"duration": 0.000240325927734375, "input_args": {"graph": "<networkx.classes.graph.Graph object at 0x1348199d0>"}, "time": 1732415564.9928262}