{"duration": 0.000244140625, "input_args": {"graph": "<networkx.classes.graph.Graph object at 0x1348182d0>"}, "time": 1732415564.15625}