{"duration": 0.0006489753723144531, "input_args": {"graph": "<networkx.classes.graph.Graph object at 0x134795350>"}, "time": 1732415562.4626791}