{"duration": 0.00022912025451660156, "input_args": {"graph": "<networkx.classes.graph.Graph object at 0x134819bd0>"}, "time": 1732415564.217152}