{"duration": 0.001302957534790039, "input_args": {"graph": "<networkx.classes.graph.Graph object at 0x1348185d0>"}, "time": 1732415564.120621}