{"duration": 0.0002040863037109375, "input_args": {"graph": "<networkx.classes.graph.Graph object at 0x1347151d0>"}, "time": 1732415563.480142}