{"duration": 0.00019979476928710938, "input_args": {"graph": "<networkx.classes.graph.Graph object at 0x13481afd0>"}, "time": 1732415564.875019}