{"duration": 0.001004934310913086, "input_args": {"graph": "<networkx.classes.graph.Graph object at 0x134797e50>"}, "time": 1732415563.279946}