{"duration": 0.0009541511535644531, "input_args": {"graph": "<networkx.classes.graph.Graph object at 0x134715d50>"}, "time": 1732415562.032738}