{"duration": 0.0008637905120849609, "input_args": {"graph": "<networkx.classes.graph.Graph object at 0x134796a50>"}, "time": 1732415563.786064}