{"duration": 0.0005202293395996094, "input_args": {"graph": "<networkx.classes.graph.Graph object at 0x1348a0b50>"}, "time": 1732415564.7212002}