{"duration": 0.00028395652770996094, "input_args": {"graph": "<networkx.classes.graph.Graph object at 0x134716650>"}, "time": 1732415562.282449}