{"duration": 0.00019812583923339844, "input_args": {"graph": "<networkx.classes.graph.Graph object at 0x1344c37a0>"}, "time": 1732415561.367535}