{"duration": 0.0001957416534423828, "input_args": {"graph": "<networkx.classes.graph.Graph object at 0x13456d250>"}, "time": 1732415561.561065}