{"duration": 0.0006201267242431641, "input_args": {"graph": "<networkx.classes.graph.Graph object at 0x134818550>"}, "time": 1732415563.900092}