{"duration": 0.0002529621124267578, "input_args": {"graph": "<networkx.classes.graph.Graph object at 0x134717dd0>"}, "time": 1732415562.4181828}