{"duration": 0.0008020401000976562, "input_args": {"graph": "<networkx.classes.graph.Graph object at 0x1347178d0>"}, "time": 1732415562.247173}