{"duration": 0.0007297992706298828, "input_args": {"graph": "<networkx.classes.graph.Graph object at 0x13456dbd0>"}, "time": 1732415562.77362}