{"duration": 0.0007560253143310547, "input_args": {"graph": "<networkx.classes.graph.Graph object at 0x1347977d0>"}, "time": 1732415563.032593}