{"duration": 0.0009791851043701172, "input_args": {"graph": "<networkx.classes.graph.Graph object at 0x13456eed0>"}, "time": 1732415562.127567}