{"duration": 0.0005419254302978516, "input_args": {"graph": "<networkx.classes.graph.Graph object at 0x134794ad0>"}, "time": 1732415563.6514418}