{"duration": 0.0007970333099365234, "input_args": {"graph": "<networkx.classes.graph.Graph object at 0x13456ecd0>"}, "time": 1732415563.818891}