{"duration": 0.0005669593811035156, "input_args": {"graph": "<networkx.classes.graph.Graph object at 0x1347164d0>"}, "time": 1732415561.921887}