{"duration": 0.0006990432739257812, "input_args": {"graph": "<networkx.classes.graph.Graph object at 0x1347949d0>"}, "time": 1732415562.314464}