{"duration": 0.0007319450378417969, "input_args": {"graph": "<networkx.classes.graph.Graph object at 0x134818bd0>"}, "time": 1732415564.049876}