{"duration": 0.0008151531219482422, "input_args": {"graph": "<networkx.classes.graph.Graph object at 0x1348a2150>"}, "time": 1732415564.972098}