{"duration": 0.0005633831024169922, "input_args": {"graph": "<networkx.classes.graph.Graph object at 0x1347971d0>"}, "time": 1732415563.1945112}