{"duration": 0.00027370452880859375, "input_args": {"graph": "<networkx.classes.graph.Graph object at 0x134716cd0>"}, "time": 1732415561.881996}