{"duration": 0.0012221336364746094, "input_args": {"graph": "<networkx.classes.graph.Graph object at 0x13481bbd0>"}, "time": 1732415565.0893161}