{"duration": 0.00020003318786621094, "input_args": {"graph": "<networkx.classes.graph.Graph object at 0x134717bd0>"}, "time": 1732415563.4637928}