{"duration": 0.0005841255187988281, "input_args": {"graph": "<networkx.classes.graph.Graph object at 0x134818b50>"}, "time": 1732415564.076661}