{"duration": 0.0007371902465820312, "input_args": {"graph": "<networkx.classes.graph.Graph object at 0x134715c50>"}, "time": 1732415561.80062}