{"duration": 0.000225067138671875, "input_args": {"graph": "<networkx.classes.graph.Graph object at 0x13456f450>"}, "time": 1732415562.089785}