{"duration": 0.0014650821685791016, "input_args": {"graph": "<networkx.classes.graph.Graph object at 0x1347177d0>"}, "time": 1732415562.131988}