{"duration": 0.0002727508544921875, "input_args": {"graph": "<networkx.classes.graph.Graph object at 0x1347968d0>"}, "time": 1732415563.1912608}