{"duration": 0.0014891624450683594, "input_args": {"graph": "<networkx.classes.graph.Graph object at 0x134819450>"}, "time": 1732415564.3595562}