{"duration": 0.0010228157043457031, "input_args": {"graph": "<networkx.classes.graph.Graph object at 0x13481a550>"}, "time": 1732415564.692889}