{"duration": 0.0005099773406982422, "input_args": {"graph": "<networkx.classes.graph.Graph object at 0x13456eed0>"}, "time": 1732415562.1452081}