{"duration": 0.0005280971527099609, "input_args": {"graph": "<networkx.classes.graph.Graph object at 0x1347169d0>"}, "time": 1732415562.470628}