{"duration": 0.00019598007202148438, "input_args": {"graph": "<networkx.classes.graph.Graph object at 0x1344e3ee0>"}, "time": 1732415561.369088}