{"duration": 0.0002570152282714844, "input_args": {"graph": "<networkx.classes.graph.Graph object at 0x13481b050>"}, "time": 1732415564.374123}