{"duration": 0.00023603439331054688, "input_args": {"graph": "<networkx.classes.graph.Graph object at 0x13456ea50>"}, "time": 1732415561.966484}