{"duration": 0.0005929470062255859, "input_args": {"graph": "<networkx.classes.graph.Graph object at 0x1344ff850>"}, "time": 1732415561.455337}