{"duration": 0.00020384788513183594, "input_args": {"graph": "<networkx.classes.graph.Graph object at 0x13456fe50>"}, "time": 1732415561.667296}