{"duration": 0.00024175643920898438, "input_args": {"graph": "<networkx.classes.graph.Graph object at 0x1348181d0>"}, "time": 1732415564.138718}