{"duration": 0.0009431838989257812, "input_args": {"graph": "<networkx.classes.graph.Graph object at 0x13456d9d0>"}, "time": 1732415562.614156}