{"duration": 0.00022482872009277344, "input_args": {"graph": "<networkx.classes.graph.Graph object at 0x134714950>"}, "time": 1732415561.6051478}