{"duration": 0.00022411346435546875, "input_args": {"graph": "<networkx.classes.graph.Graph object at 0x134716e50>"}, "time": 1732415561.9685361}