{"duration": 0.0002601146697998047, "input_args": {"graph": "<networkx.classes.graph.Graph object at 0x1348184d0>"}, "time": 1732415563.562179}