{"duration": 0.0010440349578857422, "input_args": {"graph": "<networkx.classes.graph.Graph object at 0x120999dd0>"}, "time": 1732415571.609545}