{"duration": 0.0010521411895751953, "input_args": {"graph": "<networkx.classes.graph.Graph object at 0x134794bd0>"}, "time": 1732415562.7975721}