{"duration": 0.000553131103515625, "input_args": {"graph": "<networkx.classes.graph.Graph object at 0x13481a050>"}, "time": 1732415564.249303}