{"duration": 0.0005018711090087891, "input_args": {"graph": "<networkx.classes.graph.Graph object at 0x134794a50>"}, "time": 1732415562.388858}