{"duration": 0.000331878662109375, "input_args": {"graph": "<networkx.classes.graph.Graph object at 0x134716ed0>"}, "time": 1732415561.987056}