{"duration": 0.0007009506225585938, "input_args": {"graph": "<networkx.classes.graph.Graph object at 0x134794950>"}, "time": 1732415562.7985978}