{"duration": 0.0007739067077636719, "input_args": {"graph": "<networkx.classes.graph.Graph object at 0x1347976d0>"}, "time": 1732415563.044309}