{"duration": 0.0005843639373779297, "input_args": {"graph": "<networkx.classes.graph.Graph object at 0x13481a3d0>"}, "time": 1732415564.4968672}