{"duration": 0.0009200572967529297, "input_args": {"graph": "<networkx.classes.graph.Graph object at 0x13456d050>"}, "time": 1732415562.985387}