{"duration": 0.000244140625, "input_args": {"graph": "<networkx.classes.graph.Graph object at 0x13456ead0>"}, "time": 1732415562.687371}