{"duration": 0.0010340213775634766, "input_args": {"graph": "<networkx.classes.graph.Graph object at 0x134794f50>"}, "time": 1732415563.249196}