{"duration": 0.0014348030090332031, "input_args": {"graph": "<networkx.classes.graph.Graph object at 0x134797cd0>"}, "time": 1732415563.7121909}