{"duration": 0.0005271434783935547, "input_args": {"graph": "<networkx.classes.graph.Graph object at 0x134797050>"}, "time": 1732415563.0174441}