{"duration": 0.00020503997802734375, "input_args": {"graph": "<networkx.classes.graph.Graph object at 0x134716d50>"}, "time": 1732415562.675552}