{"duration": 0.00024390220642089844, "input_args": {"graph": "<networkx.classes.graph.Graph object at 0x13481a1d0>"}, "time": 1732415564.25119}