{"duration": 0.00078582763671875, "input_args": {"graph": "<networkx.classes.graph.Graph object at 0x134818050>"}, "time": 1732415563.52688}