{"duration": 0.0006761550903320312, "input_args": {"graph": "<networkx.classes.graph.Graph object at 0x1347963d0>"}, "time": 1732415563.143914}