{"duration": 0.0002410411834716797, "input_args": {"graph": "<networkx.classes.graph.Graph object at 0x134795f50>"}, "time": 1732415564.245697}