{"duration": 0.0005686283111572266, "input_args": {"graph": "<networkx.classes.graph.Graph object at 0x1348192d0>"}, "time": 1732415563.8701508}