{"duration": 0.0004191398620605469, "input_args": {"graph": "<networkx.classes.graph.Graph object at 0x1347151d0>"}, "time": 1732415561.9381351}