{"duration": 0.0003490447998046875, "input_args": {"graph": "<networkx.classes.graph.Graph object at 0x134717cd0>"}, "time": 1732415562.686742}