{"duration": 0.0010628700256347656, "input_args": {"graph": "<networkx.classes.graph.Graph object at 0x1347140d0>"}, "time": 1732415563.3666618}