{"duration": 0.00019669532775878906, "input_args": {"graph": "<networkx.classes.graph.Graph object at 0x13456d0d0>"}, "time": 1732415563.4632928}