{"duration": 0.0005781650543212891, "input_args": {"graph": "<networkx.classes.graph.Graph object at 0x1348a1550>"}, "time": 1732415564.809859}