{"duration": 0.0003657341003417969, "input_args": {"graph": "<networkx.classes.graph.Graph object at 0x134716350>"}, "time": 1732415561.9069738}