{"duration": 0.0005030632019042969, "input_args": {"graph": "<networkx.classes.graph.Graph object at 0x1348a12d0>"}, "time": 1732415564.720254}