{"duration": 0.0011792182922363281, "input_args": {"graph": "<networkx.classes.graph.Graph object at 0x1348a1850>"}, "time": 1732415564.7253609}