{"duration": 0.00019311904907226562, "input_args": {"graph": "<networkx.classes.graph.Graph object at 0x1344ff950>"}, "time": 1732415563.462799}