{"duration": 0.0006549358367919922, "input_args": {"graph": "<networkx.classes.graph.Graph object at 0x134795550>"}, "time": 1732415562.886165}