{"duration": 0.0003478527069091797, "input_args": {"graph": "<networkx.classes.graph.Graph object at 0x134795650>"}, "time": 1732415562.714151}