{"duration": 0.0013189315795898438, "input_args": {"graph": "<networkx.classes.graph.Graph object at 0x1347951d0>"}, "time": 1732415562.929496}