{"duration": 0.0006759166717529297, "input_args": {"graph": "<networkx.classes.graph.Graph object at 0x134818650>"}, "time": 1732415563.5482528}