{"duration": 0.0007829666137695312, "input_args": {"graph": "<networkx.classes.graph.Graph object at 0x1348185d0>"}, "time": 1732415564.552832}