{"duration": 0.0005190372467041016, "input_args": {"graph": "<networkx.classes.graph.Graph object at 0x13456cd50>"}, "time": 1732415562.951519}