{"duration": 0.0005679130554199219, "input_args": {"graph": "<networkx.classes.graph.Graph object at 0x134714950>"}, "time": 1732415562.472944}