{"duration": 0.0003249645233154297, "input_args": {"graph": "<networkx.classes.graph.Graph object at 0x134717bd0>"}, "time": 1732415562.384403}