{"duration": 0.0005159378051757812, "input_args": {"graph": "<networkx.classes.graph.Graph object at 0x134819450>"}, "time": 1732415564.217032}