{"duration": 0.0002751350402832031, "input_args": {"graph": "<networkx.classes.graph.Graph object at 0x13456d550>"}, "time": 1732415562.027209}