{"duration": 0.0005540847778320312, "input_args": {"graph": "<networkx.classes.graph.Graph object at 0x13481acd0>"}, "time": 1732415563.986062}