{"duration": 0.0007870197296142578, "input_args": {"graph": "<networkx.classes.graph.Graph object at 0x134797bd0>"}, "time": 1732415563.333308}