{"duration": 0.0005540847778320312, "input_args": {"graph": "<networkx.classes.graph.Graph object at 0x134818550>"}, "time": 1732415564.021281}