{"duration": 0.0005283355712890625, "input_args": {"graph": "<networkx.classes.graph.Graph object at 0x134715650>"}, "time": 1732415561.7272372}