{"duration": 0.00026798248291015625, "input_args": {"graph": "<networkx.classes.graph.Graph object at 0x13481b450>"}, "time": 1732415565.021334}