{"duration": 0.0003032684326171875, "input_args": {"graph": "<networkx.classes.graph.Graph object at 0x13456fad0>"}, "time": 1732415561.78765}