{"duration": 0.00028705596923828125, "input_args": {"graph": "<networkx.classes.graph.Graph object at 0x13481bcd0>"}, "time": 1732415565.1502411}