{"duration": 0.0002620220184326172, "input_args": {"graph": "<networkx.classes.graph.Graph object at 0x134818550>"}, "time": 1732415563.9850712}