{"duration": 0.0009531974792480469, "input_args": {"graph": "<networkx.classes.graph.Graph object at 0x1347167d0>"}, "time": 1732415563.109484}