{"duration": 0.00026702880859375, "input_args": {"graph": "<networkx.classes.graph.Graph object at 0x1347946d0>"}, "time": 1732415563.08653}