{"duration": 0.00047516822814941406, "input_args": {"graph": "<networkx.classes.graph.Graph object at 0x1347965d0>"}, "time": 1732415563.3919518}