{"duration": 0.0006532669067382812, "input_args": {"graph": "<networkx.classes.graph.Graph object at 0x134794550>"}, "time": 1732415562.8521202}