{"duration": 0.0003077983856201172, "input_args": {"graph": "<networkx.classes.graph.Graph object at 0x1347166d0>"}, "time": 1732415561.969122}