{"duration": 0.0004658699035644531, "input_args": {"graph": "<networkx.classes.graph.Graph object at 0x134714ed0>"}, "time": 1732415561.933416}