{"duration": 0.0003230571746826172, "input_args": {"graph": "<networkx.classes.graph.Graph object at 0x13481ba50>"}, "time": 1732415564.4106681}