{"duration": 0.00044798851013183594, "input_args": {"graph": "<networkx.classes.graph.Graph object at 0x134714450>"}, "time": 1732415561.6566138}