{"duration": 0.0006802082061767578, "input_args": {"graph": "<networkx.classes.graph.Graph object at 0x1347972d0>"}, "time": 1732415563.519417}