{"duration": 0.00045418739318847656, "input_args": {"graph": "<networkx.classes.graph.Graph object at 0x13456e850>"}, "time": 1732415561.529432}