{"duration": 0.00019598007202148438, "input_args": {"graph": "<networkx.classes.graph.Graph object at 0x13456f6d0>"}, "time": 1732415561.987159}