{"duration": 0.0002498626708984375, "input_args": {"graph": "<networkx.classes.graph.Graph object at 0x134796ad0>"}, "time": 1732415563.4320488}