{"duration": 0.0011169910430908203, "input_args": {"graph": "<networkx.classes.graph.Graph object at 0x13456fad0>"}, "time": 1732415561.5499039}