{"duration": 0.0002589225769042969, "input_args": {"graph": "<networkx.classes.graph.Graph object at 0x13481b2d0>"}, "time": 1732415564.199088}