{"duration": 0.001528024673461914, "input_args": {"graph": "<networkx.classes.graph.Graph object at 0x134715c50>"}, "time": 1732415562.050884}