{"duration": 0.00041413307189941406, "input_args": {"graph": "<networkx.classes.graph.Graph object at 0x13456eb50>"}, "time": 1732415561.535578}