{"duration": 0.0005891323089599609, "input_args": {"graph": "<networkx.classes.graph.Graph object at 0x134717750>"}, "time": 1732415562.269747}