{"duration": 0.0005838871002197266, "input_args": {"graph": "<networkx.classes.graph.Graph object at 0x134797cd0>"}, "time": 1732415563.981202}