{"duration": 0.0007321834564208984, "input_args": {"graph": "<networkx.classes.graph.Graph object at 0x13481b750>"}, "time": 1732415564.225079}