{"duration": 0.0008981227874755859, "input_args": {"graph": "<networkx.classes.graph.Graph object at 0x13456ea50>"}, "time": 1732415562.058048}