{"duration": 0.0005202293395996094, "input_args": {"graph": "<networkx.classes.graph.Graph object at 0x1348181d0>"}, "time": 1732415563.525336}