{"duration": 0.00019502639770507812, "input_args": {"graph": "<networkx.classes.graph.Graph object at 0x13481acd0>"}, "time": 1732415565.211831}