{"duration": 0.001795053482055664, "input_args": {"graph": "<networkx.classes.graph.Graph object at 0x13481b950>"}, "time": 1732415564.937398}