{"duration": 0.0009188652038574219, "input_args": {"graph": "<networkx.classes.graph.Graph object at 0x1347141d0>"}, "time": 1732415562.232309}