{"duration": 0.00023436546325683594, "input_args": {"graph": "<networkx.classes.graph.Graph object at 0x13481a7d0>"}, "time": 1732415564.1650612}