{"duration": 0.00037598609924316406, "input_args": {"graph": "<networkx.classes.graph.Graph object at 0x134717f50>"}, "time": 1732415562.289089}