{"duration": 0.0004031658172607422, "input_args": {"graph": "<networkx.classes.graph.Graph object at 0x13448f750>"}, "time": 1732415561.36165}