{"duration": 0.0006010532379150391, "input_args": {"graph": "<networkx.classes.graph.Graph object at 0x134715c50>"}, "time": 1732415561.972577}