{"duration": 0.00030612945556640625, "input_args": {"graph": "<networkx.classes.graph.Graph object at 0x13481b3d0>"}, "time": 1732415564.547264}