{"duration": 0.0015287399291992188, "input_args": {"graph": "<networkx.classes.graph.Graph object at 0x134794950>"}, "time": 1732415563.874024}