{"duration": 0.0005581378936767578, "input_args": {"graph": "<networkx.classes.graph.Graph object at 0x13481aa50>"}, "time": 1732415564.061193}