{"duration": 0.0005009174346923828, "input_args": {"graph": "<networkx.classes.graph.Graph object at 0x1347156d0>"}, "time": 1732415562.3776672}