{"duration": 0.01599574089050293, "input_args": {"graph": "<networkx.classes.graph.Graph object at 0x134714550>"}, "time": 1732415562.5852458}