{"duration": 0.0008788108825683594, "input_args": {"graph": "<networkx.classes.graph.Graph object at 0x134794dd0>"}, "time": 1732415563.090056}