{"duration": 0.0007166862487792969, "input_args": {"graph": "<networkx.classes.graph.Graph object at 0x1348199d0>"}, "time": 1732415565.0966568}