{"duration": 0.00179290771484375, "input_args": {"graph": "<networkx.classes.graph.Graph object at 0x1348a0250>"}, "time": 1732415564.81263}