{"duration": 0.0002548694610595703, "input_args": {"graph": "<networkx.classes.graph.Graph object at 0x1348a0950>"}, "time": 1732415564.982411}