{"duration": 0.0009551048278808594, "input_args": {"graph": "<networkx.classes.graph.Graph object at 0x13456eb50>"}, "time": 1732415561.5088902}