{"duration": 0.0004508495330810547, "input_args": {"graph": "<networkx.classes.graph.Graph object at 0x1347955d0>"}, "time": 1732415562.5477939}