{"duration": 0.0006041526794433594, "input_args": {"graph": "<networkx.classes.graph.Graph object at 0x13481ac50>"}, "time": 1732415564.143671}