{"duration": 0.00021886825561523438, "input_args": {"graph": "<networkx.classes.graph.Graph object at 0x134714350>"}, "time": 1732415561.690675}