{"duration": 0.0005128383636474609, "input_args": {"graph": "<networkx.classes.graph.Graph object at 0x134794850>"}, "time": 1732415563.053791}