{"duration": 0.0010149478912353516, "input_args": {"graph": "<networkx.classes.graph.Graph object at 0x134794dd0>"}, "time": 1732415563.524794}